"user_id","signup_date","clean_city","acquisition_channel"
1,"2026-06-29 07:13:07","Cairo","referral"
2,"2026-06-17 03:37:49","Giza","paid_search"
3,"2026-06-15 23:19:19","Cairo","discount_code"
4,"2026-06-09 14:33:08","Alexandria","referral"
5,"2026-06-10 21:45:08","Alexandria","referral"
6,"2026-06-29 06:32:16","North Sinai","organic"
7,"2026-06-09 08:46:22","Cairo","referral"
8,"2026-06-25 08:58:28","North Sinai","facebook_ads"
9,"2026-06-23 08:52:05","Cairo","discount_code"
10,"2026-06-13 13:10:13","Giza","organic"
11,"2026-06-24 04:20:43","Unknown","facebook_ads"
12,"2026-06-26 04:28:21","Cairo","facebook_ads"
13,"2026-06-27 18:03:22","North Sinai","paid_search"
14,"2026-07-03 21:56:31","North Sinai","facebook_ads"
15,"2026-06-09 05:17:18","Alexandria","discount_code"
16,"2026-06-16 06:18:42","Cairo","referral"
17,"2026-06-16 07:25:22","North Sinai","paid_search"
18,"2026-06-15 03:24:50","North Sinai","facebook_ads"
19,"2026-07-02 09:54:31","Cairo","referral"
20,"2026-06-25 07:00:43","Cairo","facebook_ads"
21,"2026-06-19 05:54:09","North Sinai","paid_search"
22,"2026-06-21 06:52:38","North Sinai","facebook_ads"
23,"2026-07-06 14:45:31","Unknown","referral"
24,"2026-06-13 15:08:11","Unknown","facebook_ads"
25,"2026-07-01 06:28:19","Alexandria","paid_search"
26,"2026-06-22 04:44:58","Giza","discount_code"
27,"2026-07-06 02:22:32","Alexandria","paid_search"
28,"2026-06-22 06:04:39","North Sinai","facebook_ads"
29,"2026-06-24 06:35:08","Unknown","paid_search"
30,"2026-06-13 09:35:12","Giza","referral"
31,"2026-07-01 10:14:55","Unknown","paid_search"
32,"2026-06-27 08:39:17","Giza","discount_code"
33,"2026-06-16 12:20:48","North Sinai","facebook_ads"
34,"2026-06-29 08:38:19","North Sinai","organic"
35,"2026-06-20 09:45:20","Alexandria","organic"
36,"2026-06-17 21:22:16","North Sinai","referral"
37,"2026-06-09 08:37:39","Giza","paid_search"
38,"2026-07-07 19:33:31","Cairo","discount_code"
39,"2026-07-06 09:50:04","Alexandria","organic"
40,"2026-07-06 23:16:49","Giza","organic"
41,"2026-06-18 09:55:18","North Sinai","organic"
42,"2026-06-11 20:33:18","North Sinai","paid_search"
43,"2026-07-02 17:58:30","Unknown","referral"
44,"2026-07-05 22:00:43","Giza","organic"
45,"2026-07-02 01:45:14","Giza","facebook_ads"
46,"2026-06-09 15:28:58","Giza","organic"
47,"2026-06-12 17:41:23","Alexandria","referral"
48,"2026-06-18 03:34:46","Cairo","facebook_ads"
49,"2026-07-05 15:56:01","Unknown","discount_code"
50,"2026-06-16 11:02:09","Cairo","discount_code"
51,"2026-06-16 17:03:05","Alexandria","referral"
52,"2026-07-07 07:57:34","Giza","facebook_ads"
53,"2026-06-25 02:21:53","Unknown","organic"
54,"2026-06-20 21:29:49","Alexandria","paid_search"
55,"2026-07-02 01:26:14","Giza","paid_search"
56,"2026-06-18 10:59:43","Unknown","organic"
57,"2026-07-01 09:59:42","Alexandria","referral"
58,"2026-07-05 20:09:37","Giza","organic"
59,"2026-06-28 15:22:25","Cairo","paid_search"
60,"2026-06-14 11:58:34","Unknown","facebook_ads"
61,"2026-06-27 11:16:31","Alexandria","referral"
62,"2026-06-16 10:51:06","Giza","discount_code"
63,"2026-06-21 03:18:59","North Sinai","paid_search"
64,"2026-06-13 19:48:02","Giza","facebook_ads"
65,"2026-06-13 20:11:10","North Sinai","organic"
66,"2026-06-13 04:11:47","Giza","discount_code"
67,"2026-07-05 18:02:21","Alexandria","paid_search"
68,"2026-06-28 04:00:51","Unknown","discount_code"
69,"2026-07-05 00:45:04","Giza","organic"
70,"2026-07-04 00:01:14","North Sinai","referral"
71,"2026-06-25 02:01:33","Cairo","discount_code"
72,"2026-06-20 18:37:00","Alexandria","organic"
73,"2026-06-09 09:48:05","Unknown","discount_code"
74,"2026-06-23 09:10:06","Unknown","paid_search"
75,"2026-07-04 01:45:39","Alexandria","organic"
76,"2026-06-15 21:20:49","Giza","referral"
77,"2026-06-24 17:52:26","Giza","referral"
78,"2026-06-15 10:32:33","Cairo","facebook_ads"
79,"2026-07-06 21:59:09","Alexandria","facebook_ads"
80,"2026-06-22 06:18:35","North Sinai","organic"
81,"2026-06-09 22:14:11","Cairo","facebook_ads"
82,"2026-06-09 15:45:41","Unknown","discount_code"
83,"2026-06-09 13:41:54","Alexandria","discount_code"
84,"2026-06-17 07:52:11","Alexandria","referral"
85,"2026-06-28 03:51:22","Cairo","organic"
86,"2026-06-24 22:36:32","Giza","paid_search"
87,"2026-06-10 12:26:12","Unknown","referral"
88,"2026-07-01 17:36:13","Giza","facebook_ads"
89,"2026-06-18 22:16:28","Alexandria","organic"
90,"2026-07-04 18:38:51","Giza","facebook_ads"
91,"2026-06-22 05:41:10","Giza","facebook_ads"
92,"2026-06-20 02:38:20","Giza","facebook_ads"
93,"2026-07-06 00:49:03","Giza","organic"
94,"2026-06-19 15:33:47","Cairo","discount_code"
95,"2026-06-20 18:46:54","Alexandria","paid_search"
96,"2026-06-28 03:55:01","Cairo","paid_search"
97,"2026-06-09 16:31:05","Giza","paid_search"
98,"2026-07-07 01:17:05","Unknown","paid_search"
99,"2026-07-01 13:51:04","Cairo","organic"
100,"2026-06-12 19:22:05","Giza","referral"
101,"2026-06-16 17:13:14","North Sinai","organic"
102,"2026-06-29 00:16:34","Alexandria","paid_search"
103,"2026-06-10 18:26:12","Alexandria","facebook_ads"
104,"2026-06-08 22:41:52","Giza","discount_code"
105,"2026-06-12 00:42:00","Giza","paid_search"
106,"2026-06-10 09:52:00","North Sinai","paid_search"
107,"2026-06-27 04:34:54","North Sinai","paid_search"
108,"2026-06-09 23:15:02","Unknown","paid_search"
109,"2026-06-17 11:09:40","North Sinai","organic"
110,"2026-06-23 04:41:28","North Sinai","paid_search"
111,"2026-06-24 14:58:07","Unknown","paid_search"
112,"2026-07-04 14:13:00","Unknown","facebook_ads"
113,"2026-06-16 17:55:50","Unknown","referral"
114,"2026-07-05 17:43:21","Alexandria","referral"
115,"2026-07-05 04:18:13","North Sinai","facebook_ads"
116,"2026-06-28 18:02:46","Giza","referral"
117,"2026-07-02 21:13:54","Unknown","referral"
118,"2026-07-06 09:50:23","Cairo","organic"
119,"2026-06-11 17:16:09","Cairo","organic"
120,"2026-07-03 16:43:02","Cairo","organic"
121,"2026-07-04 17:08:26","Cairo","organic"
122,"2026-06-14 05:40:06","Cairo","facebook_ads"
123,"2026-06-21 08:22:12","Cairo","paid_search"
124,"2026-07-05 16:24:37","Alexandria","discount_code"
125,"2026-06-25 13:58:40","North Sinai","discount_code"
126,"2026-06-27 13:31:13","Giza","discount_code"
127,"2026-06-20 18:18:11","Alexandria","paid_search"
128,"2026-07-04 00:35:24","Cairo","facebook_ads"
129,"2026-06-20 19:21:12","North Sinai","referral"
130,"2026-07-05 12:11:59","Alexandria","referral"
131,"2026-06-29 19:40:47","North Sinai","paid_search"
132,"2026-07-04 23:30:05","Giza","paid_search"
133,"2026-06-10 13:40:54","Alexandria","facebook_ads"
134,"2026-06-27 22:54:48","Alexandria","referral"
135,"2026-06-23 12:09:32","North Sinai","paid_search"
136,"2026-06-11 15:53:56","Cairo","paid_search"
137,"2026-06-12 03:18:27","Cairo","paid_search"
138,"2026-06-11 11:10:02","Giza","facebook_ads"
139,"2026-07-02 10:02:01","Giza","discount_code"
140,"2026-06-22 18:43:51","Giza","organic"
141,"2026-06-14 00:59:40","Unknown","referral"
142,"2026-06-17 10:18:23","Alexandria","discount_code"
143,"2026-06-29 13:50:38","Alexandria","referral"
144,"2026-06-10 02:21:20","Unknown","organic"
145,"2026-07-07 21:30:05","North Sinai","facebook_ads"
146,"2026-06-20 23:25:33","Alexandria","referral"
147,"2026-06-19 14:33:22","Cairo","referral"
148,"2026-06-24 20:36:13","Cairo","paid_search"
149,"2026-06-25 02:46:06","Alexandria","paid_search"
150,"2026-06-14 08:47:45","Unknown","referral"
151,"2026-06-21 15:56:01","Giza","discount_code"
152,"2026-06-12 13:43:06","Alexandria","paid_search"
153,"2026-07-01 22:08:43","Alexandria","organic"
154,"2026-06-15 11:37:52","Giza","discount_code"
155,"2026-06-20 16:19:54","Alexandria","referral"
156,"2026-06-10 17:55:40","Alexandria","discount_code"
157,"2026-06-30 10:53:27","Alexandria","organic"
158,"2026-06-15 20:37:37","North Sinai","organic"
159,"2026-07-02 12:48:12","Alexandria","referral"
160,"2026-06-12 16:48:06","Unknown","paid_search"
161,"2026-06-14 06:16:27","North Sinai","discount_code"
162,"2026-06-15 07:35:17","Cairo","discount_code"
163,"2026-06-24 07:44:50","Cairo","facebook_ads"
164,"2026-06-23 17:09:47","Giza","referral"
165,"2026-07-08 09:05:43","North Sinai","discount_code"
166,"2026-07-01 07:46:45","Unknown","paid_search"
167,"2026-06-26 17:17:00","Alexandria","facebook_ads"
168,"2026-06-17 14:02:42","Cairo","paid_search"
169,"2026-07-06 10:53:44","Giza","facebook_ads"
170,"2026-07-03 20:52:23","Cairo","organic"
171,"2026-07-07 21:39:46","Alexandria","organic"
172,"2026-06-26 06:43:02","Alexandria","paid_search"
173,"2026-07-01 14:59:40","Cairo","organic"
174,"2026-07-02 20:44:56","Giza","organic"
175,"2026-06-27 08:02:10","Unknown","organic"
176,"2026-06-24 12:39:59","Giza","paid_search"
177,"2026-06-17 06:30:57","Giza","discount_code"
178,"2026-06-30 22:27:24","Cairo","facebook_ads"
179,"2026-07-04 15:05:50","North Sinai","discount_code"
180,"2026-06-14 21:02:01","Unknown","discount_code"
181,"2026-06-18 10:45:12","Giza","paid_search"
182,"2026-06-28 01:29:59","Cairo","paid_search"
183,"2026-06-28 17:57:20","North Sinai","discount_code"
184,"2026-07-01 22:16:49","Cairo","discount_code"
185,"2026-07-02 00:31:38","Giza","organic"
186,"2026-06-19 14:01:30","Alexandria","referral"
187,"2026-06-12 15:16:18","North Sinai","discount_code"
188,"2026-06-09 08:25:52","Giza","discount_code"
189,"2026-06-15 21:50:12","North Sinai","facebook_ads"
190,"2026-06-23 19:19:04","Alexandria","paid_search"
191,"2026-06-18 22:06:05","Cairo","organic"
192,"2026-06-11 10:42:24","North Sinai","referral"
193,"2026-06-21 07:04:04","Unknown","organic"
194,"2026-06-12 21:07:09","Alexandria","facebook_ads"
195,"2026-06-19 10:50:25","Alexandria","organic"
196,"2026-07-04 02:43:25","Cairo","discount_code"
197,"2026-06-11 11:32:44","Alexandria","referral"
198,"2026-06-23 02:51:18","Giza","facebook_ads"
199,"2026-07-02 10:14:51","Giza","facebook_ads"
200,"2026-06-22 15:10:50","North Sinai","discount_code"
201,"2026-06-24 03:44:51","Alexandria","paid_search"
202,"2026-06-28 15:52:37","North Sinai","paid_search"
203,"2026-06-08 19:08:36","Cairo","organic"
204,"2026-06-22 14:12:48","Cairo","discount_code"
205,"2026-07-05 09:06:55","Cairo","paid_search"
206,"2026-06-23 04:24:10","Alexandria","discount_code"
207,"2026-06-08 23:47:46","Alexandria","organic"
208,"2026-06-19 01:35:43","Unknown","organic"
209,"2026-06-19 12:07:12","Cairo","facebook_ads"
210,"2026-07-02 15:31:36","Unknown","facebook_ads"
211,"2026-07-04 19:37:23","Giza","organic"
212,"2026-07-01 16:31:25","Giza","discount_code"
213,"2026-07-06 06:43:19","Cairo","referral"
214,"2026-06-28 08:24:07","Cairo","organic"
215,"2026-07-08 03:41:50","Alexandria","paid_search"
216,"2026-06-30 16:10:46","Unknown","paid_search"
217,"2026-07-08 03:53:46","Giza","referral"
218,"2026-06-13 05:05:04","Giza","paid_search"
219,"2026-07-04 11:50:25","Giza","organic"
220,"2026-06-25 16:24:00","Unknown","facebook_ads"
221,"2026-06-22 13:27:22","Cairo","paid_search"
222,"2026-06-17 00:42:52","Alexandria","discount_code"
223,"2026-06-25 23:33:47","Giza","organic"
224,"2026-06-30 06:11:40","North Sinai","referral"
225,"2026-06-28 19:01:23","Giza","paid_search"
226,"2026-06-28 21:53:20","Giza","discount_code"
227,"2026-06-28 10:44:02","Cairo","paid_search"
228,"2026-06-10 06:07:15","North Sinai","referral"
229,"2026-06-13 11:40:55","North Sinai","referral"
230,"2026-06-23 23:45:57","Giza","discount_code"
231,"2026-06-10 02:03:52","Unknown","paid_search"
232,"2026-06-11 20:07:20","Cairo","discount_code"
233,"2026-06-18 19:26:14","North Sinai","facebook_ads"
234,"2026-06-22 00:35:52","Cairo","discount_code"
235,"2026-06-27 20:44:05","Cairo","facebook_ads"
236,"2026-06-30 03:35:53","Cairo","discount_code"
237,"2026-06-30 14:18:11","Unknown","facebook_ads"
238,"2026-07-03 00:42:35","Alexandria","organic"
239,"2026-06-18 08:02:04","Giza","organic"
240,"2026-06-21 14:32:38","Unknown","paid_search"
241,"2026-06-28 18:13:24","Giza","paid_search"
242,"2026-06-26 22:23:02","North Sinai","organic"
243,"2026-06-14 17:18:08","Cairo","discount_code"
244,"2026-07-06 06:56:47","Cairo","discount_code"
245,"2026-06-26 10:19:11","Alexandria","paid_search"
246,"2026-06-17 21:49:19","North Sinai","organic"
247,"2026-06-17 04:39:49","Giza","discount_code"
248,"2026-06-26 13:06:15","North Sinai","discount_code"
249,"2026-07-04 05:49:12","Alexandria","referral"
250,"2026-06-13 12:15:04","North Sinai","facebook_ads"
251,"2026-06-15 16:09:25","Alexandria","discount_code"
252,"2026-07-02 17:25:39","Cairo","discount_code"
253,"2026-07-04 16:11:56","Alexandria","organic"
254,"2026-06-08 12:17:56","Cairo","referral"
255,"2026-06-29 11:12:08","Alexandria","referral"
256,"2026-06-29 04:25:31","Alexandria","facebook_ads"
257,"2026-06-12 19:59:02","North Sinai","paid_search"
258,"2026-06-22 03:19:16","Unknown","organic"
259,"2026-06-29 10:49:20","Unknown","facebook_ads"
260,"2026-06-26 03:39:01","Cairo","referral"
261,"2026-06-25 18:44:52","Cairo","organic"
262,"2026-06-24 13:06:01","Cairo","facebook_ads"
263,"2026-07-06 12:29:21","Alexandria","organic"
264,"2026-06-17 04:20:56","Cairo","paid_search"
265,"2026-06-18 20:21:39","Alexandria","facebook_ads"
266,"2026-06-21 04:49:01","Alexandria","discount_code"
267,"2026-06-11 05:06:16","Giza","facebook_ads"
268,"2026-06-16 06:53:39","Giza","organic"
269,"2026-06-24 20:33:20","Unknown","discount_code"
270,"2026-07-05 22:48:50","Alexandria","organic"
271,"2026-06-29 20:46:42","Giza","paid_search"
272,"2026-06-17 12:51:15","Cairo","referral"
273,"2026-07-02 06:06:09","Alexandria","facebook_ads"
274,"2026-06-10 19:44:24","Unknown","discount_code"
275,"2026-06-13 07:15:16","Giza","organic"
276,"2026-06-27 16:35:11","Alexandria","referral"
277,"2026-06-11 20:41:02","North Sinai","organic"
278,"2026-06-20 02:10:57","North Sinai","facebook_ads"
279,"2026-06-12 18:54:25","Unknown","referral"
280,"2026-07-08 07:53:28","Giza","organic"
281,"2026-06-19 07:00:17","Cairo","paid_search"
282,"2026-07-05 15:45:25","Cairo","facebook_ads"
283,"2026-06-08 16:39:47","Giza","facebook_ads"
284,"2026-06-13 13:14:38","North Sinai","organic"
285,"2026-06-14 22:12:11","Giza","facebook_ads"
286,"2026-07-02 12:29:30","Alexandria","discount_code"
287,"2026-06-18 05:23:47","Giza","facebook_ads"
288,"2026-06-23 12:15:40","North Sinai","paid_search"
289,"2026-06-23 21:28:36","Alexandria","referral"
290,"2026-06-12 11:08:39","Alexandria","organic"
291,"2026-06-12 20:23:22","Cairo","discount_code"
292,"2026-06-23 19:05:48","Unknown","referral"
293,"2026-07-01 22:51:41","Giza","organic"
294,"2026-06-25 15:53:59","Unknown","referral"
295,"2026-07-03 03:44:34","Alexandria","referral"
296,"2026-06-22 23:19:04","Alexandria","referral"
297,"2026-06-14 23:35:21","Alexandria","facebook_ads"
298,"2026-06-17 02:55:01","Cairo","referral"
299,"2026-06-09 06:51:04","Alexandria","discount_code"
300,"2026-06-14 18:04:48","Alexandria","facebook_ads"
301,"2026-06-19 08:05:55","Cairo","referral"
302,"2026-06-23 10:37:14","North Sinai","facebook_ads"
303,"2026-06-17 20:28:24","Alexandria","discount_code"
304,"2026-07-01 07:00:46","Unknown","paid_search"
305,"2026-06-11 13:55:58","Cairo","referral"
306,"2026-06-30 10:13:31","Alexandria","paid_search"
307,"2026-06-22 16:24:49","Cairo","facebook_ads"
308,"2026-06-09 16:42:48","Alexandria","organic"
309,"2026-06-26 00:09:17","Alexandria","referral"
310,"2026-06-10 03:09:45","Alexandria","facebook_ads"
311,"2026-06-14 06:28:55","Giza","facebook_ads"
312,"2026-06-20 02:25:35","North Sinai","paid_search"
313,"2026-07-02 09:15:54","Alexandria","facebook_ads"
314,"2026-06-13 23:11:46","Unknown","referral"
315,"2026-06-12 15:23:56","Alexandria","paid_search"
316,"2026-06-14 04:07:14","Giza","referral"
317,"2026-06-25 05:07:15","Unknown","discount_code"
318,"2026-06-08 22:49:28","Alexandria","facebook_ads"
319,"2026-06-19 18:36:12","Cairo","facebook_ads"
320,"2026-06-20 02:42:45","Alexandria","paid_search"
321,"2026-07-02 17:43:00","Cairo","referral"
322,"2026-06-08 13:40:47","Alexandria","paid_search"
323,"2026-06-21 04:23:39","Giza","paid_search"
324,"2026-06-14 01:15:30","Giza","paid_search"
325,"2026-07-01 07:55:35","Alexandria","paid_search"
326,"2026-06-30 05:41:24","Giza","facebook_ads"
327,"2026-06-24 01:10:25","Alexandria","paid_search"
328,"2026-06-16 13:47:34","Alexandria","organic"
329,"2026-06-27 23:57:43","Giza","organic"
330,"2026-06-16 19:21:03","Cairo","paid_search"
331,"2026-06-24 19:49:38","Alexandria","organic"
332,"2026-06-20 13:14:37","Cairo","referral"
333,"2026-07-02 00:46:14","Unknown","referral"
334,"2026-07-05 20:42:17","Giza","organic"
335,"2026-06-25 20:03:12","North Sinai","referral"
336,"2026-06-23 08:52:37","Cairo","discount_code"
337,"2026-06-12 06:28:53","Cairo","facebook_ads"
338,"2026-06-10 20:46:23","Giza","facebook_ads"
339,"2026-07-07 20:14:49","Alexandria","referral"
340,"2026-06-29 12:10:57","North Sinai","organic"
341,"2026-06-16 06:20:27","Giza","discount_code"
342,"2026-06-19 07:09:01","Alexandria","organic"
343,"2026-06-13 03:32:19","Alexandria","discount_code"
344,"2026-06-21 05:27:31","Unknown","paid_search"
345,"2026-07-03 09:36:14","Unknown","paid_search"
346,"2026-07-06 07:14:43","Alexandria","discount_code"
347,"2026-07-04 05:05:54","Unknown","facebook_ads"
348,"2026-07-01 12:45:07","Cairo","paid_search"
349,"2026-06-11 06:11:28","Unknown","facebook_ads"
350,"2026-06-13 20:19:36","Cairo","discount_code"
351,"2026-06-23 04:51:51","Alexandria","referral"
352,"2026-06-21 22:18:45","North Sinai","referral"
353,"2026-06-23 21:57:54","Alexandria","referral"
354,"2026-07-06 07:30:25","Alexandria","organic"
355,"2026-07-03 12:22:16","North Sinai","paid_search"
356,"2026-06-29 18:34:12","Giza","referral"
357,"2026-06-09 18:22:06","Cairo","facebook_ads"
358,"2026-06-16 04:00:27","Giza","referral"
359,"2026-06-24 15:38:46","Giza","facebook_ads"
360,"2026-06-30 21:13:02","Alexandria","organic"
361,"2026-06-10 03:00:17","North Sinai","facebook_ads"
362,"2026-07-02 12:49:25","Alexandria","paid_search"
363,"2026-06-13 22:15:53","Giza","facebook_ads"
364,"2026-07-07 07:08:24","Cairo","discount_code"
365,"2026-06-14 02:49:43","Cairo","facebook_ads"
366,"2026-07-06 20:04:49","Giza","referral"
367,"2026-06-16 01:35:41","Cairo","facebook_ads"
368,"2026-07-07 14:30:41","Alexandria","paid_search"
369,"2026-06-23 17:28:20","Cairo","paid_search"
370,"2026-07-05 09:22:18","Alexandria","organic"
371,"2026-06-14 07:46:25","Giza","organic"
372,"2026-07-05 21:46:58","Cairo","paid_search"
373,"2026-07-02 15:17:49","North Sinai","facebook_ads"
374,"2026-06-13 01:18:31","Giza","facebook_ads"
375,"2026-06-25 11:49:44","North Sinai","paid_search"
376,"2026-07-03 11:43:30","Cairo","paid_search"
377,"2026-06-27 03:57:12","Alexandria","organic"
378,"2026-07-01 21:08:11","Cairo","facebook_ads"
379,"2026-06-30 06:03:03","Cairo","paid_search"
380,"2026-06-14 11:14:32","North Sinai","facebook_ads"
381,"2026-07-07 07:28:56","Alexandria","referral"
382,"2026-06-15 10:31:29","Cairo","organic"
383,"2026-06-10 01:51:54","Alexandria","referral"
384,"2026-06-16 22:54:56","Alexandria","organic"
385,"2026-06-19 22:35:51","North Sinai","facebook_ads"
386,"2026-06-25 11:18:48","Giza","referral"
387,"2026-06-16 06:24:30","Giza","organic"
388,"2026-06-30 06:16:47","Alexandria","referral"
389,"2026-06-12 19:41:09","Cairo","organic"
390,"2026-06-30 20:54:14","Alexandria","organic"
391,"2026-06-30 20:41:23","Giza","discount_code"
392,"2026-06-21 02:48:25","Giza","paid_search"
393,"2026-07-04 09:05:08","Alexandria","discount_code"
394,"2026-06-28 15:36:08","Giza","organic"
395,"2026-07-08 03:56:22","Unknown","referral"
396,"2026-06-28 01:50:52","Giza","paid_search"
397,"2026-06-30 08:31:32","Alexandria","facebook_ads"
398,"2026-07-07 15:16:25","Cairo","facebook_ads"
399,"2026-06-20 12:48:22","Unknown","organic"
400,"2026-06-21 15:12:48","Unknown","facebook_ads"
401,"2026-06-12 21:24:31","Giza","referral"
402,"2026-06-08 23:31:22","North Sinai","facebook_ads"
403,"2026-06-15 22:36:02","Cairo","facebook_ads"
404,"2026-07-05 07:53:49","North Sinai","facebook_ads"
405,"2026-06-18 23:09:58","Cairo","organic"
406,"2026-06-19 22:23:44","North Sinai","discount_code"
407,"2026-07-08 07:30:48","North Sinai","referral"
408,"2026-06-16 19:10:42","Alexandria","organic"
409,"2026-06-11 21:13:30","Cairo","discount_code"
410,"2026-06-27 22:25:21","Alexandria","organic"
411,"2026-06-22 21:39:33","Cairo","referral"
412,"2026-06-25 12:17:25","Giza","paid_search"
413,"2026-06-16 14:52:46","Giza","organic"
414,"2026-06-27 02:07:37","Cairo","facebook_ads"
415,"2026-06-18 01:46:18","Unknown","organic"
416,"2026-06-11 18:19:39","North Sinai","referral"
417,"2026-06-29 12:33:17","Giza","referral"
418,"2026-06-22 09:10:53","Giza","discount_code"
419,"2026-06-08 20:21:25","North Sinai","discount_code"
420,"2026-06-29 04:11:26","Cairo","discount_code"
421,"2026-06-17 03:42:54","Unknown","discount_code"
422,"2026-06-09 11:56:59","Giza","paid_search"
423,"2026-07-06 14:20:26","North Sinai","discount_code"
424,"2026-06-14 23:13:26","Alexandria","discount_code"
425,"2026-07-07 18:34:13","Alexandria","discount_code"
426,"2026-06-20 21:21:20","Alexandria","paid_search"
427,"2026-06-22 23:00:02","Unknown","paid_search"
428,"2026-06-30 23:05:24","Giza","referral"
429,"2026-06-28 10:25:37","Unknown","facebook_ads"
430,"2026-06-17 22:32:55","Alexandria","facebook_ads"
431,"2026-06-14 04:52:28","North Sinai","discount_code"
432,"2026-06-29 21:05:22","North Sinai","discount_code"
433,"2026-06-20 14:51:05","Cairo","discount_code"
434,"2026-06-24 18:02:40","Unknown","discount_code"
435,"2026-06-28 11:04:25","Cairo","facebook_ads"
436,"2026-06-27 16:37:17","Cairo","discount_code"
437,"2026-06-17 16:23:01","North Sinai","facebook_ads"
438,"2026-06-27 06:53:19","Unknown","organic"
439,"2026-07-02 12:33:16","Alexandria","paid_search"
440,"2026-06-13 22:32:13","Cairo","organic"
441,"2026-06-29 19:12:17","Giza","discount_code"
442,"2026-07-03 10:14:38","Unknown","paid_search"
443,"2026-07-03 15:20:39","Giza","organic"
444,"2026-06-22 04:24:52","Alexandria","referral"
445,"2026-06-30 17:31:46","Cairo","paid_search"
446,"2026-06-24 08:18:15","North Sinai","facebook_ads"
447,"2026-07-02 04:39:36","North Sinai","paid_search"
448,"2026-06-10 05:33:52","North Sinai","facebook_ads"
449,"2026-07-04 22:28:36","Alexandria","referral"
450,"2026-06-14 11:14:47","Giza","discount_code"
451,"2026-06-14 19:58:25","North Sinai","referral"
452,"2026-07-01 14:01:49","North Sinai","discount_code"
453,"2026-06-26 16:46:26","North Sinai","referral"
454,"2026-06-11 00:25:36","North Sinai","facebook_ads"
455,"2026-06-26 20:44:15","Alexandria","discount_code"
456,"2026-07-08 05:24:43","Giza","discount_code"
457,"2026-07-06 11:43:56","North Sinai","organic"
458,"2026-06-18 18:21:01","Cairo","facebook_ads"
459,"2026-06-24 00:50:06","Alexandria","discount_code"
460,"2026-07-01 19:33:40","Giza","facebook_ads"
461,"2026-06-16 04:17:24","Unknown","referral"
462,"2026-06-21 15:57:05","North Sinai","organic"
463,"2026-06-24 19:58:50","Cairo","discount_code"
464,"2026-06-25 08:16:20","North Sinai","organic"
465,"2026-06-12 07:09:26","North Sinai","organic"
466,"2026-06-10 22:42:31","Giza","facebook_ads"
467,"2026-06-29 00:24:40","North Sinai","referral"
468,"2026-07-06 06:41:05","Giza","discount_code"
469,"2026-06-08 19:56:36","Giza","facebook_ads"
470,"2026-07-03 15:20:49","Cairo","organic"
471,"2026-06-15 19:01:47","Cairo","referral"
472,"2026-06-20 22:57:01","Giza","organic"
473,"2026-06-21 17:45:48","North Sinai","paid_search"
474,"2026-06-21 07:40:19","Cairo","facebook_ads"
475,"2026-06-09 05:01:02","Cairo","discount_code"
476,"2026-07-05 20:29:29","Giza","discount_code"
477,"2026-06-23 18:14:15","North Sinai","facebook_ads"
478,"2026-07-03 06:46:42","Unknown","facebook_ads"
479,"2026-06-19 06:11:32","Giza","organic"
480,"2026-06-09 09:45:46","Alexandria","referral"
481,"2026-07-06 22:44:11","Unknown","discount_code"
482,"2026-06-21 12:43:41","Giza","facebook_ads"
483,"2026-06-29 01:26:31","North Sinai","discount_code"
484,"2026-06-09 06:29:39","Giza","discount_code"
485,"2026-06-21 03:30:01","North Sinai","facebook_ads"
486,"2026-06-22 05:18:00","Alexandria","facebook_ads"
487,"2026-06-13 16:36:47","Giza","facebook_ads"
488,"2026-06-24 18:27:57","North Sinai","facebook_ads"
489,"2026-06-08 16:00:22","North Sinai","discount_code"
490,"2026-07-06 03:36:13","North Sinai","referral"
491,"2026-06-10 21:51:56","Alexandria","referral"
492,"2026-06-25 03:10:44","Alexandria","paid_search"
493,"2026-06-17 14:11:40","Alexandria","discount_code"
494,"2026-07-02 06:51:24","Cairo","organic"
495,"2026-06-11 13:50:18","Alexandria","facebook_ads"
496,"2026-06-17 15:27:18","Alexandria","discount_code"
497,"2026-06-20 13:31:54","Alexandria","referral"
498,"2026-07-01 00:17:33","Alexandria","facebook_ads"
499,"2026-06-12 19:13:07","Giza","referral"
500,"2026-06-10 15:05:18","North Sinai","discount_code"
501,"2026-06-13 18:33:10","Giza","facebook_ads"
502,"2026-06-10 07:03:48","Unknown","referral"
503,"2026-07-07 18:15:35","North Sinai","paid_search"
504,"2026-07-02 01:14:46","North Sinai","discount_code"
505,"2026-07-04 08:12:51","Giza","paid_search"
506,"2026-06-21 05:46:00","North Sinai","discount_code"
507,"2026-06-27 11:11:02","Alexandria","facebook_ads"
508,"2026-06-16 00:13:50","Cairo","organic"
509,"2026-06-20 13:00:02","Unknown","discount_code"
510,"2026-06-24 18:20:01","Alexandria","facebook_ads"
511,"2026-06-17 03:11:17","North Sinai","organic"
512,"2026-06-19 09:48:35","Giza","facebook_ads"
513,"2026-06-10 21:49:29","Alexandria","discount_code"
514,"2026-06-13 06:20:46","North Sinai","paid_search"
515,"2026-07-06 16:29:13","North Sinai","referral"
516,"2026-06-15 19:05:56","Alexandria","organic"
517,"2026-06-13 06:55:05","Cairo","organic"
518,"2026-06-17 06:41:39","Giza","referral"
519,"2026-06-17 14:31:45","Giza","organic"
520,"2026-06-28 13:09:45","Giza","paid_search"
521,"2026-06-09 09:56:59","Giza","paid_search"
522,"2026-07-01 23:02:59","Alexandria","paid_search"
523,"2026-06-26 12:13:11","Alexandria","paid_search"
524,"2026-06-08 16:10:29","Alexandria","referral"
525,"2026-06-26 20:43:14","Cairo","referral"
526,"2026-06-26 11:39:42","Alexandria","referral"
527,"2026-06-14 15:46:51","Alexandria","discount_code"
528,"2026-06-09 05:06:28","Giza","organic"
529,"2026-07-01 00:08:56","North Sinai","referral"
530,"2026-06-30 17:26:25","Cairo","facebook_ads"
531,"2026-06-24 05:21:21","Alexandria","facebook_ads"
532,"2026-07-04 05:19:14","Alexandria","discount_code"
533,"2026-06-21 22:50:00","Alexandria","paid_search"
534,"2026-06-10 20:10:50","Alexandria","discount_code"
535,"2026-07-02 03:12:45","Cairo","organic"
536,"2026-06-24 07:08:05","Cairo","discount_code"
537,"2026-07-04 07:51:59","Giza","facebook_ads"
538,"2026-06-22 04:02:24","Giza","referral"
539,"2026-06-09 18:42:24","Cairo","facebook_ads"
540,"2026-06-18 04:43:17","North Sinai","discount_code"
541,"2026-06-17 18:23:59","North Sinai","referral"
542,"2026-06-12 18:51:06","Cairo","discount_code"
543,"2026-06-16 12:31:25","Giza","referral"
544,"2026-06-24 18:14:33","North Sinai","paid_search"
545,"2026-06-08 19:35:35","Alexandria","organic"
546,"2026-06-17 00:58:38","Unknown","discount_code"
547,"2026-06-23 21:27:49","North Sinai","paid_search"
548,"2026-06-18 12:47:27","Cairo","facebook_ads"
549,"2026-06-15 15:00:13","Giza","facebook_ads"
550,"2026-07-04 09:09:03","North Sinai","referral"
551,"2026-06-13 13:42:19","Giza","paid_search"
552,"2026-06-11 22:29:40","Giza","discount_code"
553,"2026-06-10 17:01:36","Giza","paid_search"
554,"2026-06-20 11:11:56","Giza","facebook_ads"
555,"2026-07-01 15:09:08","North Sinai","discount_code"
556,"2026-07-06 05:29:09","North Sinai","referral"
557,"2026-06-17 15:16:30","Alexandria","organic"
558,"2026-06-10 12:12:02","Alexandria","referral"
559,"2026-06-26 04:05:04","North Sinai","referral"
560,"2026-06-19 03:58:21","Giza","discount_code"
561,"2026-06-12 13:10:20","Giza","referral"
562,"2026-06-17 23:02:14","Giza","discount_code"
563,"2026-06-22 09:03:23","Giza","organic"
564,"2026-06-23 07:52:00","Alexandria","paid_search"
565,"2026-06-24 02:38:31","Giza","paid_search"
566,"2026-07-05 00:28:56","Cairo","organic"
567,"2026-06-12 01:05:05","Alexandria","organic"
568,"2026-07-08 05:33:22","Unknown","paid_search"
569,"2026-07-07 07:51:12","Giza","discount_code"
570,"2026-06-15 00:40:13","Alexandria","organic"
571,"2026-06-16 11:42:40","Alexandria","paid_search"
572,"2026-06-12 14:12:17","Alexandria","paid_search"
573,"2026-07-04 15:23:48","North Sinai","facebook_ads"
574,"2026-06-11 13:56:16","Giza","paid_search"
575,"2026-06-23 00:28:18","Alexandria","organic"
576,"2026-07-05 16:51:36","Giza","facebook_ads"
577,"2026-06-30 20:51:27","Giza","referral"
578,"2026-06-24 21:27:09","Giza","discount_code"
579,"2026-06-16 11:21:20","Unknown","referral"
580,"2026-06-25 00:25:00","Cairo","discount_code"
581,"2026-06-12 18:39:03","Giza","organic"
582,"2026-07-08 04:52:54","North Sinai","organic"
583,"2026-07-07 19:16:57","North Sinai","discount_code"
584,"2026-07-07 01:39:26","Cairo","paid_search"
585,"2026-06-14 10:57:55","Cairo","paid_search"
586,"2026-07-02 19:18:42","Giza","discount_code"
587,"2026-06-20 19:50:36","North Sinai","paid_search"
588,"2026-06-13 04:46:50","Giza","organic"
589,"2026-06-20 18:56:07","Alexandria","referral"
590,"2026-06-19 11:21:33","Alexandria","organic"
591,"2026-06-10 05:57:06","North Sinai","organic"
592,"2026-06-18 06:09:57","Alexandria","facebook_ads"
593,"2026-06-09 22:05:55","Cairo","organic"
594,"2026-06-13 08:29:55","Alexandria","organic"
595,"2026-06-28 17:42:19","Alexandria","organic"
596,"2026-06-23 04:33:32","Giza","organic"
597,"2026-06-13 11:10:14","Giza","referral"
598,"2026-06-09 08:52:33","Giza","paid_search"
599,"2026-07-04 16:08:14","Cairo","organic"
600,"2026-07-08 06:03:07","Giza","discount_code"
601,"2026-07-07 11:18:03","Giza","organic"
602,"2026-07-07 01:59:14","Unknown","referral"
603,"2026-06-20 09:19:47","Cairo","organic"
604,"2026-07-05 22:17:15","Giza","facebook_ads"
605,"2026-07-06 16:37:57","Cairo","organic"
606,"2026-06-22 15:47:31","Cairo","organic"
607,"2026-06-22 11:00:18","Unknown","paid_search"
608,"2026-06-12 15:45:44","North Sinai","paid_search"
609,"2026-06-16 05:28:20","Alexandria","facebook_ads"
610,"2026-07-01 00:23:39","North Sinai","paid_search"
611,"2026-06-27 06:09:14","Alexandria","facebook_ads"
612,"2026-07-04 00:56:40","Giza","facebook_ads"
613,"2026-06-29 23:19:53","Alexandria","organic"
614,"2026-06-12 16:09:42","Giza","paid_search"
615,"2026-06-27 10:24:52","Cairo","organic"
616,"2026-06-12 05:48:45","Giza","facebook_ads"
617,"2026-06-30 23:03:27","Giza","paid_search"
618,"2026-06-11 19:48:29","North Sinai","discount_code"
619,"2026-06-19 07:30:27","Cairo","referral"
620,"2026-07-01 15:22:31","Giza","referral"
621,"2026-06-23 01:00:21","Giza","discount_code"
622,"2026-06-08 23:26:55","Unknown","organic"
623,"2026-06-13 10:11:04","Unknown","discount_code"
624,"2026-06-29 22:00:26","Giza","paid_search"
625,"2026-07-02 07:45:08","Alexandria","facebook_ads"
626,"2026-06-12 16:30:29","Giza","referral"
627,"2026-06-19 17:08:54","Cairo","organic"
628,"2026-06-14 19:49:00","North Sinai","organic"
629,"2026-06-17 12:18:29","Alexandria","discount_code"
630,"2026-07-05 21:04:43","Giza","facebook_ads"
631,"2026-06-09 18:42:48","Unknown","referral"
632,"2026-07-05 05:13:36","North Sinai","discount_code"
633,"2026-06-29 21:29:15","Alexandria","facebook_ads"
634,"2026-06-14 19:07:45","Alexandria","discount_code"
635,"2026-06-22 06:51:53","Giza","referral"
636,"2026-06-15 21:19:37","Alexandria","paid_search"
637,"2026-07-01 11:21:02","North Sinai","discount_code"
638,"2026-06-17 16:14:47","North Sinai","discount_code"
639,"2026-07-02 23:00:47","Alexandria","referral"
640,"2026-06-21 04:22:03","Alexandria","organic"
641,"2026-06-09 21:50:31","Cairo","paid_search"
642,"2026-06-13 03:34:46","Cairo","discount_code"
643,"2026-06-25 17:39:02","Cairo","facebook_ads"
644,"2026-06-23 18:12:34","North Sinai","referral"
645,"2026-07-07 14:20:53","Unknown","discount_code"
646,"2026-06-23 08:34:51","North Sinai","discount_code"
647,"2026-07-04 07:21:01","Giza","paid_search"
648,"2026-06-30 06:34:52","Alexandria","organic"
649,"2026-06-11 22:29:42","Alexandria","organic"
650,"2026-06-15 14:26:13","Giza","organic"
651,"2026-06-22 18:36:30","Alexandria","organic"
652,"2026-06-29 08:25:58","Giza","referral"
653,"2026-06-26 03:41:49","Unknown","facebook_ads"
654,"2026-06-23 19:38:02","Alexandria","referral"
655,"2026-06-08 21:26:36","Giza","facebook_ads"
656,"2026-06-18 18:16:42","Unknown","organic"
657,"2026-06-19 12:26:12","Giza","discount_code"
658,"2026-06-21 10:54:47","North Sinai","organic"
659,"2026-07-06 02:21:10","Alexandria","referral"
660,"2026-06-19 12:56:40","Giza","referral"
661,"2026-06-18 19:44:42","North Sinai","referral"
662,"2026-06-26 23:59:23","Cairo","organic"
663,"2026-07-07 18:54:11","North Sinai","organic"
664,"2026-06-20 12:55:10","Unknown","paid_search"
665,"2026-07-02 12:23:02","North Sinai","paid_search"
666,"2026-06-22 04:38:58","North Sinai","referral"
667,"2026-06-28 06:30:38","Alexandria","facebook_ads"
668,"2026-06-16 15:17:56","Cairo","paid_search"
669,"2026-07-06 02:29:56","Giza","discount_code"
670,"2026-06-10 21:46:20","Unknown","referral"
671,"2026-07-08 07:41:32","North Sinai","referral"
672,"2026-06-09 17:11:04","Unknown","referral"
673,"2026-07-01 16:22:00","Cairo","organic"
674,"2026-06-17 04:11:31","Giza","referral"
675,"2026-06-29 23:01:34","Alexandria","organic"
676,"2026-06-30 04:28:06","North Sinai","facebook_ads"
677,"2026-06-17 19:23:25","Alexandria","facebook_ads"
678,"2026-06-25 03:32:51","Giza","discount_code"
679,"2026-06-20 09:54:29","Alexandria","referral"
680,"2026-06-16 16:42:29","Giza","organic"
681,"2026-07-06 10:31:16","Unknown","discount_code"
682,"2026-07-02 19:23:52","Alexandria","referral"
683,"2026-07-03 04:28:55","Alexandria","referral"
684,"2026-06-21 16:41:25","North Sinai","referral"
685,"2026-06-10 20:23:00","Giza","organic"
686,"2026-06-13 06:10:44","Giza","referral"
687,"2026-06-15 16:33:25","Giza","facebook_ads"
688,"2026-06-09 16:51:50","Cairo","referral"
689,"2026-06-18 23:03:49","Alexandria","discount_code"
690,"2026-06-26 10:53:59","Alexandria","facebook_ads"
691,"2026-06-11 16:00:14","Unknown","facebook_ads"
692,"2026-06-20 14:27:15","Giza","facebook_ads"
693,"2026-06-15 13:11:10","Alexandria","facebook_ads"
694,"2026-06-20 16:57:23","Cairo","organic"
695,"2026-06-27 05:58:41","Giza","discount_code"
696,"2026-06-17 04:58:06","Alexandria","paid_search"
697,"2026-07-08 07:38:08","Cairo","discount_code"
698,"2026-06-23 02:53:20","North Sinai","paid_search"
699,"2026-06-16 09:33:54","Unknown","discount_code"
700,"2026-06-21 09:55:56","North Sinai","organic"
701,"2026-06-11 21:34:53","Alexandria","facebook_ads"
702,"2026-06-29 05:58:19","Giza","organic"
703,"2026-06-15 09:25:34","Alexandria","referral"
704,"2026-06-18 09:32:00","Cairo","discount_code"
705,"2026-07-03 10:14:26","Giza","paid_search"
706,"2026-06-12 12:20:08","Alexandria","facebook_ads"
707,"2026-07-04 02:27:09","Giza","paid_search"
708,"2026-06-16 20:44:39","Alexandria","discount_code"
709,"2026-06-14 21:03:51","Giza","referral"
710,"2026-07-01 06:05:59","Giza","referral"
711,"2026-06-20 16:12:27","Alexandria","paid_search"
712,"2026-06-26 02:17:38","Giza","referral"
713,"2026-06-09 10:04:21","Cairo","paid_search"
714,"2026-07-05 18:18:21","Cairo","facebook_ads"
715,"2026-06-23 22:02:03","Cairo","discount_code"
716,"2026-06-21 05:30:48","Giza","paid_search"
717,"2026-06-25 21:58:37","Cairo","discount_code"
718,"2026-06-28 11:18:55","Alexandria","facebook_ads"
719,"2026-06-15 13:38:55","Unknown","discount_code"
720,"2026-06-17 04:13:34","Alexandria","facebook_ads"
721,"2026-06-11 22:57:28","Giza","organic"
722,"2026-07-06 09:02:48","North Sinai","organic"
723,"2026-06-20 10:31:06","Alexandria","discount_code"
724,"2026-07-02 07:58:55","Giza","referral"
725,"2026-07-07 14:04:22","Cairo","paid_search"
726,"2026-06-20 11:01:19","Giza","paid_search"
727,"2026-06-20 17:43:53","Unknown","organic"
728,"2026-06-08 23:13:02","Giza","referral"
729,"2026-06-17 13:48:00","Unknown","organic"
730,"2026-07-07 03:22:22","North Sinai","referral"
731,"2026-06-29 22:48:01","Giza","discount_code"
732,"2026-06-12 10:14:00","Giza","paid_search"
733,"2026-06-16 02:36:30","Giza","referral"
734,"2026-07-02 22:14:32","Giza","organic"
735,"2026-06-15 21:26:40","Giza","discount_code"
736,"2026-06-28 13:37:07","Giza","organic"
737,"2026-06-20 07:55:14","Alexandria","discount_code"
738,"2026-06-27 14:13:38","North Sinai","discount_code"
739,"2026-06-11 21:06:48","Unknown","facebook_ads"
740,"2026-06-20 18:28:22","Giza","discount_code"
741,"2026-06-14 14:12:19","Giza","facebook_ads"
742,"2026-07-06 15:15:30","Cairo","referral"
743,"2026-06-20 11:53:34","Cairo","organic"
744,"2026-07-06 10:29:28","North Sinai","facebook_ads"
745,"2026-06-09 17:32:39","Cairo","discount_code"
746,"2026-07-02 18:07:41","Giza","facebook_ads"
747,"2026-07-05 03:09:03","Unknown","organic"
748,"2026-07-06 14:10:25","Giza","facebook_ads"
749,"2026-06-20 04:20:15","Unknown","organic"
750,"2026-07-04 12:55:04","Giza","referral"
751,"2026-07-07 11:52:20","Giza","referral"
752,"2026-06-11 22:48:14","Cairo","organic"
753,"2026-07-02 08:02:42","Giza","facebook_ads"
754,"2026-06-18 12:13:25","Alexandria","organic"
755,"2026-06-27 12:09:16","North Sinai","facebook_ads"
756,"2026-06-28 15:38:24","Giza","discount_code"
757,"2026-06-14 17:38:47","Giza","facebook_ads"
758,"2026-07-06 13:10:11","Unknown","organic"
759,"2026-06-09 23:24:17","Alexandria","paid_search"
760,"2026-06-30 18:45:00","Cairo","paid_search"
761,"2026-07-06 08:59:37","Giza","organic"
762,"2026-06-16 16:46:38","North Sinai","facebook_ads"
763,"2026-06-28 20:29:53","Cairo","referral"
764,"2026-06-24 06:50:59","Cairo","organic"
765,"2026-06-11 09:27:31","Cairo","referral"
766,"2026-07-07 08:03:53","North Sinai","paid_search"
767,"2026-07-06 23:35:36","Alexandria","organic"
768,"2026-06-17 21:01:42","North Sinai","organic"
769,"2026-06-28 01:24:21","Giza","discount_code"
770,"2026-06-23 10:40:14","Alexandria","referral"
771,"2026-06-30 06:33:11","North Sinai","facebook_ads"
772,"2026-07-03 08:52:24","Alexandria","discount_code"
773,"2026-07-02 18:48:08","Cairo","facebook_ads"
774,"2026-06-17 02:01:24","Giza","referral"
775,"2026-06-23 19:49:44","North Sinai","paid_search"
776,"2026-06-27 16:51:46","North Sinai","referral"
777,"2026-07-01 20:28:29","North Sinai","referral"
778,"2026-06-16 10:50:58","Alexandria","organic"
779,"2026-06-19 22:47:57","Alexandria","facebook_ads"
780,"2026-06-13 00:28:10","Alexandria","facebook_ads"
781,"2026-06-23 21:46:09","Alexandria","organic"
782,"2026-06-15 19:50:12","Unknown","referral"
783,"2026-07-07 08:03:03","Giza","paid_search"
784,"2026-06-23 23:21:14","Giza","paid_search"
785,"2026-06-25 23:01:59","Cairo","facebook_ads"
786,"2026-06-25 01:32:58","Giza","referral"
787,"2026-07-01 15:30:32","Unknown","facebook_ads"
788,"2026-07-02 19:28:38","North Sinai","discount_code"
789,"2026-07-03 06:09:50","Unknown","organic"
790,"2026-06-18 06:49:36","Giza","facebook_ads"
791,"2026-06-17 13:06:31","Alexandria","referral"
792,"2026-06-25 17:11:08","Alexandria","organic"
793,"2026-06-15 21:23:18","Giza","referral"
794,"2026-07-07 02:22:46","North Sinai","organic"
795,"2026-06-28 03:07:11","Alexandria","discount_code"
796,"2026-06-19 04:54:36","Alexandria","paid_search"
797,"2026-06-15 23:05:02","North Sinai","paid_search"
798,"2026-07-01 17:19:34","Alexandria","paid_search"
799,"2026-07-07 18:31:48","Unknown","facebook_ads"
800,"2026-06-25 07:37:47","Alexandria","paid_search"
801,"2026-06-21 22:19:12","Giza","paid_search"
802,"2026-06-28 07:49:52","Giza","organic"
803,"2026-07-05 18:27:55","Cairo","organic"
804,"2026-06-21 11:24:37","Giza","facebook_ads"
805,"2026-06-16 09:52:53","Unknown","referral"
806,"2026-06-16 19:02:10","Alexandria","discount_code"
807,"2026-06-28 05:07:47","Giza","referral"
808,"2026-07-03 13:58:28","Giza","organic"
809,"2026-07-04 15:22:01","Unknown","referral"
810,"2026-07-04 02:00:03","Alexandria","paid_search"
811,"2026-06-20 20:32:13","North Sinai","referral"
812,"2026-07-01 06:43:00","Alexandria","paid_search"
813,"2026-06-25 13:13:16","North Sinai","paid_search"
814,"2026-06-11 03:52:24","Cairo","discount_code"
815,"2026-06-17 14:50:32","North Sinai","organic"
816,"2026-07-07 07:56:24","Unknown","discount_code"
817,"2026-07-06 14:50:44","Cairo","discount_code"
818,"2026-06-28 05:44:25","Giza","discount_code"
819,"2026-07-04 04:24:05","Alexandria","discount_code"
820,"2026-06-09 20:45:03","Alexandria","paid_search"
821,"2026-06-10 22:23:24","Alexandria","discount_code"
822,"2026-06-19 16:04:04","Giza","organic"
823,"2026-06-30 08:54:22","Alexandria","discount_code"
824,"2026-06-13 10:43:19","Giza","facebook_ads"
825,"2026-07-03 04:39:55","Alexandria","organic"
826,"2026-07-05 05:08:02","Unknown","organic"
827,"2026-07-04 02:56:44","North Sinai","organic"
828,"2026-06-24 07:31:59","North Sinai","paid_search"
829,"2026-07-03 02:15:36","Giza","discount_code"
830,"2026-06-18 04:33:37","Giza","paid_search"
831,"2026-06-29 15:25:26","Unknown","paid_search"
832,"2026-07-03 03:47:32","Cairo","organic"
833,"2026-07-07 03:21:39","Unknown","facebook_ads"
834,"2026-06-11 19:22:33","Giza","discount_code"
835,"2026-07-06 01:21:23","Giza","paid_search"
836,"2026-07-07 15:35:46","North Sinai","organic"
837,"2026-06-17 02:09:17","Alexandria","referral"
838,"2026-06-23 13:48:52","Giza","referral"
839,"2026-06-27 18:42:19","Alexandria","paid_search"
840,"2026-06-29 22:51:07","Alexandria","facebook_ads"
841,"2026-07-07 20:53:51","North Sinai","facebook_ads"
842,"2026-06-20 22:20:47","Giza","organic"
843,"2026-06-16 22:39:29","Giza","referral"
844,"2026-07-02 17:07:09","Giza","referral"
845,"2026-06-26 00:38:30","Alexandria","paid_search"
846,"2026-06-30 02:08:34","Alexandria","referral"
847,"2026-06-16 12:26:21","Alexandria","paid_search"
848,"2026-06-14 08:32:13","North Sinai","facebook_ads"
849,"2026-06-12 23:56:35","Giza","referral"
850,"2026-06-21 04:32:58","Giza","facebook_ads"
851,"2026-06-23 13:17:55","Alexandria","discount_code"
852,"2026-06-26 07:20:35","Giza","discount_code"
853,"2026-06-27 11:17:21","Cairo","discount_code"
854,"2026-06-28 20:45:47","Alexandria","referral"
855,"2026-07-05 11:38:39","North Sinai","facebook_ads"
856,"2026-06-17 15:44:19","Cairo","paid_search"
857,"2026-07-06 10:12:00","North Sinai","paid_search"
858,"2026-06-19 19:05:23","Giza","discount_code"
859,"2026-06-27 23:12:19","Alexandria","paid_search"
860,"2026-06-25 15:40:49","North Sinai","organic"
861,"2026-06-20 16:26:57","Giza","discount_code"
862,"2026-07-02 22:28:46","Unknown","referral"
863,"2026-06-21 11:08:26","Alexandria","organic"
864,"2026-06-12 14:19:25","North Sinai","discount_code"
865,"2026-06-23 03:23:24","North Sinai","organic"
866,"2026-06-10 01:55:45","Giza","referral"
867,"2026-06-17 19:48:18","Cairo","facebook_ads"
868,"2026-07-02 07:17:56","Alexandria","discount_code"
869,"2026-07-04 11:58:11","Alexandria","facebook_ads"
870,"2026-06-25 12:48:15","Giza","referral"
871,"2026-06-24 21:05:09","Alexandria","organic"
872,"2026-06-24 10:04:55","Cairo","paid_search"
873,"2026-07-05 23:58:30","Unknown","referral"
874,"2026-07-08 08:05:42","Unknown","organic"
875,"2026-07-02 00:09:33","Unknown","organic"
876,"2026-06-17 00:06:44","North Sinai","facebook_ads"
877,"2026-07-02 03:46:37","Alexandria","discount_code"
878,"2026-06-23 09:49:31","Giza","discount_code"
879,"2026-06-23 08:22:22","Giza","facebook_ads"
880,"2026-06-19 13:55:34","Alexandria","organic"
881,"2026-06-18 04:33:32","Unknown","organic"
882,"2026-06-13 06:06:34","North Sinai","referral"
883,"2026-06-21 15:41:07","Unknown","paid_search"
884,"2026-06-08 23:41:10","Giza","organic"
885,"2026-06-18 11:36:49","Unknown","referral"
886,"2026-06-09 22:37:25","Alexandria","referral"
887,"2026-06-16 06:48:16","Giza","paid_search"
888,"2026-07-05 04:08:02","North Sinai","organic"
889,"2026-06-11 15:27:23","Alexandria","paid_search"
890,"2026-06-08 19:16:10","North Sinai","paid_search"
891,"2026-06-15 13:32:46","Cairo","discount_code"
892,"2026-06-15 17:21:23","Giza","facebook_ads"
893,"2026-06-28 03:27:36","Giza","organic"
894,"2026-06-08 22:17:44","Giza","referral"
895,"2026-06-29 14:24:38","Alexandria","facebook_ads"
896,"2026-06-17 13:58:05","Giza","organic"
897,"2026-07-04 17:57:08","Cairo","facebook_ads"
898,"2026-06-13 04:34:00","Giza","organic"
899,"2026-07-01 12:57:22","Giza","facebook_ads"
900,"2026-07-04 14:35:16","Alexandria","organic"
901,"2026-06-21 10:57:51","Alexandria","referral"
902,"2026-06-19 23:59:38","Giza","facebook_ads"
903,"2026-06-09 21:25:09","Alexandria","facebook_ads"
904,"2026-07-06 11:32:10","North Sinai","organic"
905,"2026-06-18 19:35:21","Alexandria","discount_code"
906,"2026-06-20 23:15:39","Cairo","facebook_ads"
907,"2026-07-08 08:51:04","Cairo","discount_code"
908,"2026-06-09 14:54:28","Unknown","facebook_ads"
909,"2026-06-25 19:33:26","Alexandria","facebook_ads"
910,"2026-06-18 12:14:07","Alexandria","organic"
911,"2026-07-07 06:29:12","Cairo","discount_code"
912,"2026-06-23 23:46:40","Alexandria","paid_search"
913,"2026-07-08 09:58:14","Alexandria","paid_search"
914,"2026-06-20 05:57:14","North Sinai","facebook_ads"
915,"2026-06-11 22:27:12","North Sinai","discount_code"
916,"2026-06-16 05:31:24","Alexandria","paid_search"
917,"2026-07-08 04:59:30","Cairo","discount_code"
918,"2026-06-18 21:28:31","North Sinai","discount_code"
919,"2026-07-03 23:53:08","Giza","referral"
920,"2026-07-07 05:12:12","Unknown","facebook_ads"
921,"2026-06-24 23:31:16","Alexandria","paid_search"
922,"2026-07-06 00:25:49","North Sinai","referral"
923,"2026-06-24 04:16:06","Cairo","facebook_ads"
924,"2026-06-29 23:06:02","Cairo","referral"
925,"2026-06-20 07:35:20","Giza","paid_search"
926,"2026-06-21 16:17:01","North Sinai","paid_search"
927,"2026-07-05 15:36:49","North Sinai","referral"
928,"2026-06-17 12:33:56","Alexandria","referral"
929,"2026-07-07 04:27:58","Unknown","facebook_ads"
930,"2026-06-13 04:40:11","Unknown","facebook_ads"
931,"2026-06-23 23:19:31","Alexandria","organic"
932,"2026-07-02 15:27:17","Alexandria","referral"
933,"2026-06-26 12:46:34","Giza","referral"
934,"2026-06-11 17:40:42","Giza","referral"
935,"2026-07-04 05:01:44","Alexandria","organic"
936,"2026-06-24 21:56:43","Giza","facebook_ads"
937,"2026-07-08 06:30:39","Cairo","discount_code"
938,"2026-06-12 03:48:37","North Sinai","referral"
939,"2026-06-22 16:37:51","Cairo","paid_search"
940,"2026-06-13 04:55:38","Giza","discount_code"
941,"2026-07-05 15:13:28","Giza","referral"
942,"2026-06-24 20:44:57","Alexandria","discount_code"
943,"2026-06-17 03:55:08","Cairo","referral"
944,"2026-07-03 20:10:03","Unknown","discount_code"
945,"2026-06-18 04:07:43","North Sinai","paid_search"
946,"2026-06-14 00:23:41","Alexandria","discount_code"
947,"2026-06-26 00:30:42","Unknown","paid_search"
948,"2026-06-22 06:13:43","Giza","organic"
949,"2026-06-18 01:39:59","North Sinai","paid_search"
950,"2026-07-01 18:37:44","Cairo","discount_code"
951,"2026-07-06 03:00:44","Giza","discount_code"
952,"2026-06-30 12:55:57","Giza","paid_search"
953,"2026-06-19 21:44:03","Cairo","facebook_ads"
954,"2026-06-30 01:31:32","Alexandria","paid_search"
955,"2026-06-12 23:05:55","Unknown","organic"
956,"2026-06-23 11:30:49","North Sinai","referral"
957,"2026-06-12 05:13:04","Unknown","facebook_ads"
958,"2026-07-07 02:46:33","Cairo","discount_code"
959,"2026-06-20 04:48:26","Giza","facebook_ads"
960,"2026-06-21 07:24:41","Cairo","paid_search"
961,"2026-06-25 19:51:23","Cairo","discount_code"
962,"2026-07-01 06:10:46","Cairo","discount_code"
963,"2026-06-15 18:23:25","Giza","facebook_ads"
964,"2026-06-09 19:27:40","Unknown","referral"
965,"2026-07-05 18:18:19","Unknown","referral"
966,"2026-06-26 01:32:59","North Sinai","paid_search"
967,"2026-06-08 15:07:03","North Sinai","referral"
968,"2026-06-08 19:16:16","Giza","facebook_ads"
969,"2026-06-20 20:04:43","Alexandria","facebook_ads"
970,"2026-06-25 03:19:42","North Sinai","organic"
971,"2026-07-03 18:08:05","Alexandria","organic"
972,"2026-06-22 08:11:49","North Sinai","referral"
973,"2026-06-10 08:56:01","Giza","referral"
974,"2026-06-28 12:06:10","Alexandria","organic"
975,"2026-07-06 01:38:52","Alexandria","referral"
976,"2026-07-06 17:47:04","Cairo","paid_search"
977,"2026-07-05 21:32:33","Alexandria","discount_code"
978,"2026-06-12 03:20:24","Giza","discount_code"
979,"2026-06-25 05:57:31","Cairo","organic"
980,"2026-06-15 02:09:12","North Sinai","referral"
981,"2026-06-14 04:47:25","Alexandria","referral"
982,"2026-07-05 15:51:23","Alexandria","organic"
983,"2026-06-19 03:04:23","Cairo","facebook_ads"
984,"2026-06-12 07:02:47","Cairo","organic"
985,"2026-06-23 23:12:35","Alexandria","discount_code"
986,"2026-07-02 21:50:08","North Sinai","organic"
987,"2026-06-10 00:13:33","North Sinai","discount_code"
988,"2026-07-04 08:34:04","Alexandria","organic"
989,"2026-07-08 10:14:45","Alexandria","paid_search"
990,"2026-06-16 10:25:43","Alexandria","organic"
991,"2026-06-28 14:00:30","North Sinai","facebook_ads"
992,"2026-06-16 05:11:43","Cairo","paid_search"
993,"2026-07-03 19:05:28","Alexandria","referral"
994,"2026-06-15 20:22:17","Alexandria","facebook_ads"
995,"2026-06-15 13:58:53","Cairo","referral"
996,"2026-06-26 09:09:36","Alexandria","facebook_ads"
997,"2026-06-14 11:05:36","Giza","discount_code"
998,"2026-06-25 10:07:05","North Sinai","organic"
999,"2026-06-20 01:47:32","Unknown","paid_search"
1000,"2026-06-12 18:25:13","North Sinai","paid_search"
1001,"2026-06-26 13:17:10","Cairo","facebook_ads"
1002,"2026-06-08 20:14:57","Alexandria","facebook_ads"
1003,"2026-06-09 07:37:01","Alexandria","discount_code"
1004,"2026-06-25 08:16:02","Alexandria","discount_code"
1005,"2026-06-09 18:22:06","Giza","referral"
1006,"2026-06-18 07:10:26","Alexandria","discount_code"
1007,"2026-06-09 00:53:43","Cairo","referral"
1008,"2026-06-15 05:11:14","Giza","facebook_ads"
1009,"2026-07-01 08:34:13","Giza","referral"
1010,"2026-07-05 06:51:28","Alexandria","referral"
1011,"2026-07-03 22:16:07","North Sinai","organic"
1012,"2026-06-20 19:38:26","Giza","discount_code"
1013,"2026-06-30 04:24:49","Cairo","facebook_ads"
1014,"2026-06-30 23:28:17","Cairo","facebook_ads"
1015,"2026-06-12 17:52:42","Alexandria","facebook_ads"
1016,"2026-06-19 09:31:34","North Sinai","discount_code"
1017,"2026-06-30 07:36:17","Unknown","facebook_ads"
1018,"2026-06-11 07:12:48","Unknown","facebook_ads"
1019,"2026-06-09 16:04:37","Giza","paid_search"
1020,"2026-07-05 20:30:34","Alexandria","referral"
1021,"2026-07-03 14:15:14","Giza","facebook_ads"
1022,"2026-07-06 05:13:17","Alexandria","referral"
1023,"2026-06-22 11:15:53","North Sinai","discount_code"
1024,"2026-06-18 06:08:39","North Sinai","paid_search"
1025,"2026-06-26 08:41:55","Alexandria","organic"
1026,"2026-06-27 17:39:53","North Sinai","facebook_ads"
1027,"2026-07-03 14:52:57","Alexandria","organic"
1028,"2026-06-15 18:42:26","Giza","discount_code"
1029,"2026-07-06 20:55:02","Alexandria","organic"
1030,"2026-06-08 18:50:28","Alexandria","discount_code"
1031,"2026-06-30 00:57:16","Alexandria","referral"
1032,"2026-06-29 23:04:04","North Sinai","organic"
1033,"2026-06-24 13:57:47","Alexandria","referral"
1034,"2026-06-21 10:35:23","Giza","facebook_ads"
1035,"2026-07-01 03:46:31","Cairo","facebook_ads"
1036,"2026-07-02 13:21:49","Alexandria","discount_code"
1037,"2026-06-26 15:19:41","Giza","facebook_ads"
1038,"2026-06-09 05:57:56","Giza","discount_code"
1039,"2026-06-15 00:42:55","Giza","facebook_ads"
1040,"2026-06-21 22:31:43","Alexandria","facebook_ads"
1041,"2026-06-16 06:11:00","Unknown","facebook_ads"
1042,"2026-06-13 09:31:45","North Sinai","discount_code"
1043,"2026-06-19 00:12:49","Cairo","facebook_ads"
1044,"2026-06-09 15:27:08","Alexandria","discount_code"
1045,"2026-07-02 11:36:56","Cairo","discount_code"
1046,"2026-07-07 05:21:45","Alexandria","facebook_ads"
1047,"2026-06-28 17:09:59","Alexandria","organic"
1048,"2026-06-19 19:16:50","Cairo","referral"
1049,"2026-07-06 14:32:11","Giza","organic"
1050,"2026-07-01 02:27:55","Alexandria","referral"
1051,"2026-06-14 20:12:57","North Sinai","facebook_ads"
1052,"2026-07-02 14:12:35","Alexandria","referral"
1053,"2026-06-22 04:08:27","Alexandria","paid_search"
1054,"2026-06-16 09:14:15","Giza","paid_search"
1055,"2026-06-22 16:59:59","North Sinai","paid_search"
1056,"2026-06-10 08:13:21","North Sinai","organic"
1057,"2026-06-12 15:57:38","Giza","facebook_ads"
1058,"2026-06-08 14:09:44","Giza","referral"
1059,"2026-07-04 07:13:54","Alexandria","referral"
1060,"2026-06-18 09:46:25","Unknown","organic"
1061,"2026-06-30 11:25:55","Giza","organic"
1062,"2026-06-19 13:59:15","North Sinai","paid_search"
1063,"2026-06-10 16:07:08","North Sinai","referral"
1064,"2026-06-09 18:58:30","North Sinai","paid_search"
1065,"2026-06-30 01:42:08","Giza","organic"
1066,"2026-06-11 04:02:56","North Sinai","facebook_ads"
1067,"2026-06-17 16:23:30","Cairo","referral"
1068,"2026-07-03 19:55:45","Unknown","facebook_ads"
1069,"2026-06-24 18:09:53","Cairo","facebook_ads"
1070,"2026-06-28 07:29:46","North Sinai","discount_code"
1071,"2026-07-03 18:10:04","Cairo","discount_code"
1072,"2026-07-07 12:13:29","Alexandria","organic"
1073,"2026-06-24 12:27:10","Giza","organic"
1074,"2026-06-12 23:14:45","North Sinai","discount_code"
1075,"2026-06-18 01:10:24","North Sinai","organic"
1076,"2026-06-15 17:37:46","Cairo","paid_search"
1077,"2026-06-19 13:13:17","North Sinai","discount_code"
1078,"2026-06-10 19:27:22","Cairo","paid_search"
1079,"2026-06-17 00:56:33","Cairo","discount_code"
1080,"2026-06-26 10:17:58","Giza","referral"
1081,"2026-06-23 13:01:15","Giza","organic"
1082,"2026-06-20 00:51:02","Cairo","organic"
1083,"2026-07-03 07:46:08","Alexandria","discount_code"
1084,"2026-06-09 09:49:37","Cairo","paid_search"
1085,"2026-06-27 15:06:53","Cairo","paid_search"
1086,"2026-06-22 06:21:46","Cairo","facebook_ads"
1087,"2026-06-17 20:50:26","North Sinai","referral"
1088,"2026-06-16 07:21:12","Giza","organic"
1089,"2026-06-30 23:55:15","Cairo","paid_search"
1090,"2026-07-04 20:51:20","Cairo","facebook_ads"
1091,"2026-06-12 15:32:07","Giza","discount_code"
1092,"2026-07-02 14:51:39","Unknown","paid_search"
1093,"2026-06-13 17:33:59","North Sinai","referral"
1094,"2026-06-21 10:28:04","Alexandria","facebook_ads"
1095,"2026-06-09 17:20:37","Alexandria","organic"
1096,"2026-06-15 13:58:13","Cairo","referral"
1097,"2026-06-30 12:07:24","Cairo","referral"
1098,"2026-06-25 02:09:32","Alexandria","facebook_ads"
1099,"2026-06-28 07:41:33","North Sinai","referral"
1100,"2026-07-07 00:11:46","Cairo","referral"
1101,"2026-06-10 07:36:13","Giza","paid_search"
1102,"2026-06-17 05:58:53","Giza","discount_code"
1103,"2026-06-20 02:23:37","Alexandria","paid_search"
1104,"2026-06-13 03:30:55","North Sinai","paid_search"
1105,"2026-06-26 18:40:34","Alexandria","organic"
1106,"2026-06-22 00:51:55","Cairo","facebook_ads"
1107,"2026-06-14 06:14:04","Cairo","organic"
1108,"2026-07-02 07:15:27","Alexandria","facebook_ads"
1109,"2026-06-27 13:35:59","Alexandria","discount_code"
1110,"2026-07-04 01:31:45","Alexandria","paid_search"
1111,"2026-06-26 21:53:21","Giza","paid_search"
1112,"2026-06-29 15:25:32","North Sinai","facebook_ads"
1113,"2026-07-05 10:46:29","Cairo","paid_search"
1114,"2026-07-04 04:15:12","Cairo","facebook_ads"
1115,"2026-06-29 06:03:44","Giza","paid_search"
1116,"2026-06-28 13:52:43","Cairo","discount_code"
1117,"2026-07-03 01:12:42","Unknown","facebook_ads"
1118,"2026-06-21 23:05:22","Giza","discount_code"
1119,"2026-07-07 20:59:10","Alexandria","organic"
1120,"2026-06-12 22:10:02","Giza","organic"
1121,"2026-06-27 01:09:59","North Sinai","paid_search"
1122,"2026-06-15 08:03:27","Alexandria","referral"
1123,"2026-06-15 10:33:28","North Sinai","organic"
1124,"2026-07-06 22:00:54","Alexandria","referral"
1125,"2026-06-27 19:07:38","Giza","discount_code"
1126,"2026-06-19 11:16:36","Giza","paid_search"
1127,"2026-06-20 17:18:13","Alexandria","paid_search"
1128,"2026-06-21 05:18:42","North Sinai","paid_search"
1129,"2026-06-19 17:27:35","Cairo","facebook_ads"
1130,"2026-06-13 13:29:58","Alexandria","facebook_ads"
1131,"2026-06-14 20:09:40","Cairo","facebook_ads"
1132,"2026-06-14 02:43:05","Giza","organic"
1133,"2026-07-04 22:16:34","Giza","paid_search"
1134,"2026-06-22 17:44:27","Cairo","organic"
1135,"2026-07-06 02:07:47","Cairo","paid_search"
1136,"2026-06-28 14:58:13","Unknown","facebook_ads"
1137,"2026-07-08 03:03:24","Giza","paid_search"
1138,"2026-06-17 20:05:36","Alexandria","organic"
1139,"2026-06-16 20:01:59","Alexandria","paid_search"
1140,"2026-06-22 12:29:06","Alexandria","facebook_ads"
1141,"2026-06-13 00:28:38","Giza","facebook_ads"
1142,"2026-06-25 23:58:59","North Sinai","paid_search"
1143,"2026-06-25 08:06:12","North Sinai","referral"
1144,"2026-07-03 06:16:50","Alexandria","discount_code"
1145,"2026-06-30 10:33:54","Unknown","organic"
1146,"2026-06-21 12:11:05","North Sinai","paid_search"
1147,"2026-06-23 14:47:18","Giza","referral"
1148,"2026-06-26 16:54:14","Alexandria","referral"
1149,"2026-06-22 05:32:11","Cairo","referral"
1150,"2026-07-04 08:45:50","Alexandria","organic"
1151,"2026-07-07 07:39:58","Giza","discount_code"
1152,"2026-06-24 05:49:33","North Sinai","facebook_ads"
1153,"2026-06-17 12:55:33","Unknown","organic"
1154,"2026-06-16 19:17:49","Cairo","paid_search"
1155,"2026-07-04 00:22:55","Unknown","discount_code"
1156,"2026-07-04 19:16:34","North Sinai","referral"
1157,"2026-06-22 12:01:52","Alexandria","facebook_ads"
1158,"2026-07-07 09:41:07","North Sinai","referral"
1159,"2026-06-30 08:47:47","Unknown","discount_code"
1160,"2026-07-05 10:06:15","Cairo","referral"
1161,"2026-06-11 22:26:32","Giza","organic"
1162,"2026-06-17 02:15:20","Giza","facebook_ads"
1163,"2026-06-28 14:51:08","Unknown","paid_search"
1164,"2026-06-29 04:32:18","Unknown","organic"
1165,"2026-06-23 05:30:40","North Sinai","discount_code"
1166,"2026-06-25 23:23:41","Giza","facebook_ads"
1167,"2026-06-08 19:11:31","Cairo","facebook_ads"
1168,"2026-06-10 15:13:36","Cairo","paid_search"
1169,"2026-06-20 20:52:32","Giza","paid_search"
1170,"2026-06-17 01:59:06","North Sinai","paid_search"
1171,"2026-07-05 02:49:23","North Sinai","organic"
1172,"2026-06-22 04:13:33","North Sinai","facebook_ads"
1173,"2026-06-27 11:52:29","Cairo","paid_search"
1174,"2026-06-19 22:26:50","Alexandria","facebook_ads"
1175,"2026-06-17 01:09:00","Cairo","paid_search"
1176,"2026-06-25 15:20:48","North Sinai","organic"
1177,"2026-07-06 00:54:47","North Sinai","organic"
1178,"2026-06-23 18:46:38","Unknown","organic"
1179,"2026-06-19 19:28:48","Alexandria","discount_code"
1180,"2026-06-20 01:29:54","Giza","paid_search"
1181,"2026-07-06 13:53:47","Alexandria","referral"
1182,"2026-06-09 04:35:55","Cairo","paid_search"
1183,"2026-07-03 16:32:35","North Sinai","referral"
1184,"2026-07-01 06:08:57","Alexandria","organic"
1185,"2026-06-16 04:53:46","North Sinai","organic"
1186,"2026-06-25 12:25:11","Alexandria","paid_search"
1187,"2026-06-30 22:07:41","Alexandria","organic"
1188,"2026-06-19 07:48:46","Unknown","organic"
1189,"2026-06-23 04:58:22","Cairo","referral"
1190,"2026-07-02 20:04:58","Alexandria","organic"
1191,"2026-06-16 03:40:21","Giza","organic"
1192,"2026-06-09 15:58:15","North Sinai","facebook_ads"
1193,"2026-06-13 04:46:27","Alexandria","paid_search"
1194,"2026-06-23 09:41:41","Giza","discount_code"
1195,"2026-07-01 00:32:52","North Sinai","paid_search"
1196,"2026-07-02 22:34:13","Alexandria","referral"
1197,"2026-07-03 03:45:41","North Sinai","paid_search"
1198,"2026-07-01 14:57:58","North Sinai","facebook_ads"
1199,"2026-06-11 05:57:07","Cairo","referral"
1200,"2026-06-23 05:17:56","Unknown","referral"
1201,"2026-06-11 12:15:33","Alexandria","organic"
1202,"2026-06-15 07:35:16","Giza","facebook_ads"
1203,"2026-07-04 19:00:41","Alexandria","paid_search"
1204,"2026-06-11 07:12:29","Unknown","paid_search"
1205,"2026-06-22 19:08:26","Giza","paid_search"
1206,"2026-07-05 11:46:11","North Sinai","paid_search"
1207,"2026-07-08 10:27:56","Alexandria","discount_code"
1208,"2026-06-29 21:25:50","Giza","facebook_ads"
1209,"2026-07-02 02:33:53","Unknown","paid_search"
1210,"2026-07-04 19:18:40","Alexandria","referral"
1211,"2026-07-08 07:54:26","Giza","referral"
1212,"2026-06-28 18:16:34","North Sinai","referral"
1213,"2026-06-22 16:26:49","Giza","organic"
1214,"2026-06-23 10:11:19","North Sinai","facebook_ads"
1215,"2026-07-02 02:33:28","Giza","paid_search"
1216,"2026-06-11 04:56:13","Giza","facebook_ads"
1217,"2026-07-07 03:54:03","North Sinai","referral"
1218,"2026-06-23 13:10:17","Alexandria","discount_code"
1219,"2026-06-22 00:40:41","North Sinai","referral"
1220,"2026-06-30 23:12:16","Alexandria","discount_code"
1221,"2026-06-15 21:50:41","Giza","facebook_ads"
1222,"2026-06-29 17:23:39","Giza","facebook_ads"
1223,"2026-06-11 19:09:02","Unknown","organic"
1224,"2026-07-05 16:09:45","Cairo","organic"
1225,"2026-06-25 22:56:03","North Sinai","facebook_ads"
1226,"2026-06-17 15:33:42","Alexandria","referral"
1227,"2026-06-11 18:12:37","Giza","organic"
1228,"2026-06-22 09:06:02","Giza","discount_code"
1229,"2026-06-10 01:47:55","Unknown","facebook_ads"
1230,"2026-06-28 22:01:51","Cairo","referral"
1231,"2026-06-28 00:04:57","North Sinai","discount_code"
1232,"2026-06-17 08:51:18","Giza","paid_search"
1233,"2026-06-28 10:11:39","Alexandria","paid_search"
1234,"2026-06-25 00:34:44","North Sinai","referral"
1235,"2026-06-18 00:49:36","Giza","discount_code"
1236,"2026-07-07 00:40:12","Alexandria","facebook_ads"
1237,"2026-07-06 05:45:02","Alexandria","facebook_ads"
1238,"2026-06-17 07:47:44","Cairo","paid_search"
1239,"2026-06-10 15:13:47","Alexandria","referral"
1240,"2026-07-03 12:39:07","North Sinai","paid_search"
1241,"2026-06-23 20:17:30","Alexandria","paid_search"
1242,"2026-06-16 03:07:57","Cairo","discount_code"
1243,"2026-06-28 16:23:45","Cairo","paid_search"
1244,"2026-07-05 03:49:39","Alexandria","paid_search"
1245,"2026-07-01 22:23:13","Giza","facebook_ads"
1246,"2026-07-05 00:44:31","North Sinai","referral"
1247,"2026-07-05 00:04:39","Alexandria","facebook_ads"
1248,"2026-06-30 02:21:26","Unknown","referral"
1249,"2026-06-30 12:58:39","Unknown","paid_search"
1250,"2026-07-06 23:02:26","Unknown","referral"
1251,"2026-07-07 04:47:18","Cairo","discount_code"
1252,"2026-06-24 21:51:09","North Sinai","discount_code"
1253,"2026-07-07 10:05:51","Cairo","discount_code"
1254,"2026-06-12 19:04:58","Giza","facebook_ads"
1255,"2026-06-27 18:22:40","Giza","discount_code"
1256,"2026-06-21 02:44:35","Alexandria","referral"
1257,"2026-06-12 10:09:39","Alexandria","referral"
1258,"2026-06-13 10:32:36","Alexandria","paid_search"
1259,"2026-06-13 14:46:10","Unknown","referral"
1260,"2026-06-29 22:28:32","Cairo","paid_search"
1261,"2026-06-16 23:46:13","Giza","paid_search"
1262,"2026-06-15 15:52:32","Cairo","referral"
1263,"2026-06-24 11:26:36","Cairo","organic"
1264,"2026-07-03 07:05:40","Giza","discount_code"
1265,"2026-07-03 20:13:45","Cairo","organic"
1266,"2026-06-23 13:11:36","Giza","discount_code"
1267,"2026-06-12 19:11:43","North Sinai","facebook_ads"
1268,"2026-07-05 12:55:38","North Sinai","paid_search"
1269,"2026-06-16 05:44:33","Giza","discount_code"
1270,"2026-06-18 02:54:33","Alexandria","discount_code"
1271,"2026-07-05 22:48:56","North Sinai","discount_code"
1272,"2026-07-07 02:49:40","Unknown","organic"
1273,"2026-06-20 19:27:36","Cairo","organic"
1274,"2026-07-07 21:35:40","Unknown","organic"
1275,"2026-07-04 09:02:26","Alexandria","referral"
1276,"2026-06-12 16:36:06","North Sinai","discount_code"
1277,"2026-06-20 22:24:59","Giza","referral"
1278,"2026-06-19 01:25:29","Alexandria","facebook_ads"
1279,"2026-06-22 10:15:03","Cairo","discount_code"
1280,"2026-06-28 00:17:19","Alexandria","paid_search"
1281,"2026-06-11 23:42:47","Unknown","discount_code"
1282,"2026-06-15 16:40:28","Alexandria","facebook_ads"
1283,"2026-06-12 18:11:44","Cairo","discount_code"
1284,"2026-06-15 11:23:42","Alexandria","facebook_ads"
1285,"2026-06-23 10:24:31","Alexandria","paid_search"
1286,"2026-07-06 21:45:19","Cairo","paid_search"
1287,"2026-06-19 15:23:24","North Sinai","discount_code"
1288,"2026-06-22 01:08:32","Unknown","discount_code"
1289,"2026-06-17 13:52:50","North Sinai","referral"
1290,"2026-06-13 09:44:36","Giza","discount_code"
1291,"2026-06-28 16:25:32","North Sinai","paid_search"
1292,"2026-07-06 06:06:28","Giza","paid_search"
1293,"2026-06-20 01:46:19","Unknown","paid_search"
1294,"2026-06-14 03:41:26","Unknown","facebook_ads"
1295,"2026-06-18 06:57:29","Alexandria","facebook_ads"
1296,"2026-07-02 17:20:19","Alexandria","paid_search"
1297,"2026-06-09 13:34:27","Cairo","discount_code"
1298,"2026-06-23 23:34:39","Cairo","organic"
1299,"2026-07-04 18:25:53","Cairo","organic"
1300,"2026-06-28 18:28:03","Giza","paid_search"
1301,"2026-06-25 13:26:53","Alexandria","facebook_ads"
1302,"2026-06-19 07:08:22","Cairo","referral"
1303,"2026-06-17 21:46:23","North Sinai","discount_code"
1304,"2026-07-03 12:04:03","Alexandria","referral"
1305,"2026-06-10 16:41:32","North Sinai","paid_search"
1306,"2026-06-13 18:37:29","Giza","facebook_ads"
1307,"2026-07-04 20:42:49","Alexandria","paid_search"
1308,"2026-06-25 20:28:05","Unknown","paid_search"
1309,"2026-06-09 19:21:31","Unknown","organic"
1310,"2026-07-05 12:23:13","Cairo","organic"
1311,"2026-06-12 10:53:49","Cairo","organic"
1312,"2026-06-28 04:27:52","North Sinai","referral"
1313,"2026-06-22 11:13:45","Giza","discount_code"
1314,"2026-06-28 11:02:34","North Sinai","discount_code"
1315,"2026-06-19 04:29:32","Giza","organic"
1316,"2026-06-27 19:35:53","North Sinai","organic"
1317,"2026-06-18 20:17:41","North Sinai","discount_code"
1318,"2026-07-08 00:55:34","Giza","facebook_ads"
1319,"2026-06-21 23:51:55","Alexandria","paid_search"
1320,"2026-07-08 04:54:39","North Sinai","facebook_ads"
1321,"2026-06-28 21:20:46","Giza","facebook_ads"
1322,"2026-06-15 10:00:50","Giza","organic"
1323,"2026-06-28 20:30:59","Giza","paid_search"
1324,"2026-06-29 16:57:46","Alexandria","referral"
1325,"2026-06-26 12:15:55","Alexandria","organic"
1326,"2026-06-09 16:03:39","Giza","paid_search"
1327,"2026-06-12 20:59:53","Cairo","referral"
1328,"2026-06-25 13:18:50","North Sinai","paid_search"
1329,"2026-07-04 03:48:39","Cairo","discount_code"
1330,"2026-06-17 11:55:38","Giza","paid_search"
1331,"2026-06-13 15:45:48","Alexandria","referral"
1332,"2026-07-03 21:30:53","North Sinai","discount_code"
1333,"2026-07-07 18:11:07","Alexandria","organic"
1334,"2026-06-25 17:50:19","Unknown","discount_code"
1335,"2026-06-25 20:55:11","Alexandria","facebook_ads"
1336,"2026-06-26 19:55:41","North Sinai","facebook_ads"
1337,"2026-06-27 01:03:59","North Sinai","organic"
1338,"2026-06-09 07:55:46","North Sinai","organic"
1339,"2026-07-07 22:44:29","Alexandria","referral"
1340,"2026-06-10 15:47:06","Alexandria","referral"
1341,"2026-06-15 18:40:54","North Sinai","organic"
1342,"2026-06-29 02:12:28","Unknown","organic"
1343,"2026-06-25 16:13:31","Cairo","facebook_ads"
1344,"2026-07-01 06:15:28","Alexandria","paid_search"
1345,"2026-06-25 07:22:12","Unknown","organic"
1346,"2026-07-01 08:45:18","Alexandria","paid_search"
1347,"2026-07-03 13:07:42","Giza","discount_code"
1348,"2026-06-27 17:21:00","Cairo","discount_code"
1349,"2026-06-14 00:44:30","Cairo","discount_code"
1350,"2026-06-15 13:22:50","Alexandria","facebook_ads"
1351,"2026-06-29 14:08:42","Giza","facebook_ads"
1352,"2026-06-19 12:58:08","Giza","discount_code"
1353,"2026-06-27 16:21:11","Unknown","referral"
1354,"2026-07-01 14:28:40","Cairo","referral"
1355,"2026-07-06 18:54:05","North Sinai","discount_code"
1356,"2026-06-26 13:50:39","Alexandria","referral"
1357,"2026-06-08 21:46:29","Alexandria","organic"
1358,"2026-06-25 12:58:44","North Sinai","discount_code"
1359,"2026-07-06 16:43:11","North Sinai","organic"
1360,"2026-06-23 12:45:11","Alexandria","referral"
1361,"2026-06-27 20:53:50","Alexandria","discount_code"
1362,"2026-06-15 02:36:58","Alexandria","organic"
1363,"2026-06-23 03:56:20","Alexandria","discount_code"
1364,"2026-06-21 01:57:51","Unknown","referral"
1365,"2026-07-06 14:58:52","Cairo","organic"
1366,"2026-06-20 19:47:37","Cairo","referral"
1367,"2026-06-10 14:51:59","Giza","organic"
1368,"2026-06-27 07:57:03","Cairo","discount_code"
1369,"2026-06-21 13:27:00","Unknown","organic"
1370,"2026-06-13 05:33:20","Giza","paid_search"
1371,"2026-07-07 02:40:45","Unknown","organic"
1372,"2026-06-10 00:27:20","Giza","discount_code"
1373,"2026-06-28 22:30:46","Giza","referral"
1374,"2026-06-08 16:49:21","Alexandria","paid_search"
1375,"2026-06-16 07:57:20","Unknown","organic"
1376,"2026-06-24 09:27:57","Giza","paid_search"
1377,"2026-06-26 14:06:52","Alexandria","facebook_ads"
1378,"2026-06-08 16:11:58","Alexandria","referral"
1379,"2026-06-14 02:45:44","Cairo","paid_search"
1380,"2026-07-08 10:01:37","Cairo","organic"
1381,"2026-06-27 12:01:16","Cairo","paid_search"
1382,"2026-06-27 06:04:17","Alexandria","discount_code"
1383,"2026-06-20 13:25:29","Alexandria","referral"
1384,"2026-06-09 04:59:01","North Sinai","organic"
1385,"2026-06-27 11:16:33","Giza","paid_search"
1386,"2026-06-11 12:19:50","Giza","referral"
1387,"2026-06-23 22:20:28","North Sinai","organic"
1388,"2026-07-07 02:35:27","Alexandria","referral"
1389,"2026-06-12 18:13:44","North Sinai","organic"
1390,"2026-06-16 17:21:10","Alexandria","paid_search"
1391,"2026-06-25 12:59:55","Cairo","referral"
1392,"2026-06-15 08:41:54","Giza","referral"
1393,"2026-06-15 07:44:55","Cairo","facebook_ads"
1394,"2026-06-21 10:40:27","Cairo","referral"
1395,"2026-06-15 06:24:39","Cairo","discount_code"
1396,"2026-06-17 12:44:00","Alexandria","discount_code"
1397,"2026-06-27 04:17:10","Alexandria","paid_search"
1398,"2026-07-01 15:12:05","Cairo","organic"
1399,"2026-06-20 10:38:43","North Sinai","paid_search"
1400,"2026-07-05 10:05:30","Giza","referral"
1401,"2026-07-07 23:28:04","Alexandria","referral"
1402,"2026-07-06 06:04:46","Unknown","paid_search"
1403,"2026-06-10 16:19:10","Cairo","facebook_ads"
1404,"2026-07-04 12:01:27","Alexandria","referral"
1405,"2026-06-25 23:14:39","Unknown","facebook_ads"
1406,"2026-06-10 21:21:15","Giza","organic"
1407,"2026-07-01 13:30:44","Giza","paid_search"
1408,"2026-07-06 00:31:40","Alexandria","referral"
1409,"2026-07-05 19:18:19","North Sinai","discount_code"
1410,"2026-06-13 14:37:48","Giza","facebook_ads"
1411,"2026-07-06 15:47:15","Alexandria","facebook_ads"
1412,"2026-06-25 14:13:21","Alexandria","facebook_ads"
1413,"2026-07-01 06:22:41","Unknown","discount_code"
1414,"2026-06-28 08:30:34","North Sinai","referral"
1415,"2026-06-17 04:14:09","Alexandria","paid_search"
1416,"2026-06-12 00:17:42","Giza","discount_code"
1417,"2026-06-24 03:28:20","North Sinai","facebook_ads"
1418,"2026-07-06 05:04:43","Alexandria","facebook_ads"
1419,"2026-06-11 18:02:59","Alexandria","referral"
1420,"2026-06-12 03:53:18","North Sinai","referral"
1421,"2026-07-01 12:18:18","Giza","referral"
1422,"2026-07-07 06:43:15","Giza","referral"
1423,"2026-06-26 13:07:12","Unknown","discount_code"
1424,"2026-06-13 06:58:01","Unknown","discount_code"
1425,"2026-06-08 23:06:39","Giza","paid_search"
1426,"2026-06-17 09:38:11","Giza","facebook_ads"
1427,"2026-07-02 10:42:23","Giza","paid_search"
1428,"2026-06-16 09:51:58","North Sinai","paid_search"
1429,"2026-06-20 12:13:06","Unknown","organic"
1430,"2026-06-18 07:46:15","Unknown","paid_search"
1431,"2026-06-09 12:19:29","Cairo","paid_search"
1432,"2026-06-27 13:04:24","Cairo","organic"
1433,"2026-06-22 15:09:00","Unknown","discount_code"
1434,"2026-06-16 00:05:37","North Sinai","paid_search"
1435,"2026-06-09 00:32:55","Giza","discount_code"
1436,"2026-06-16 13:32:50","Alexandria","discount_code"
1437,"2026-06-19 01:17:35","Unknown","referral"
1438,"2026-06-27 05:34:28","North Sinai","facebook_ads"
1439,"2026-06-12 23:21:11","Alexandria","organic"
1440,"2026-07-04 16:53:20","Giza","paid_search"
1441,"2026-06-27 08:15:12","Giza","referral"
1442,"2026-07-02 12:05:42","Giza","referral"
1443,"2026-07-03 06:17:08","Cairo","discount_code"
1444,"2026-06-26 11:08:42","Unknown","paid_search"
1445,"2026-06-09 00:58:27","Alexandria","discount_code"
1446,"2026-07-07 04:04:13","Alexandria","referral"
1447,"2026-06-24 16:16:38","Alexandria","referral"
1448,"2026-06-26 02:24:36","Alexandria","organic"
1449,"2026-06-26 04:00:21","North Sinai","organic"
1450,"2026-06-24 17:43:56","Giza","facebook_ads"
1451,"2026-06-12 17:39:02","Alexandria","referral"
1452,"2026-06-11 00:01:39","Alexandria","paid_search"
1453,"2026-07-01 10:13:12","Unknown","facebook_ads"
1454,"2026-06-19 19:24:05","Alexandria","referral"
1455,"2026-06-09 05:34:35","Alexandria","facebook_ads"
1456,"2026-06-26 07:27:16","Unknown","paid_search"
1457,"2026-06-23 01:56:51","Unknown","paid_search"
1458,"2026-06-26 10:47:17","Giza","referral"
1459,"2026-06-17 07:53:23","Cairo","discount_code"
1460,"2026-06-19 17:04:06","North Sinai","paid_search"
1461,"2026-06-10 10:25:26","Alexandria","facebook_ads"
1462,"2026-06-13 16:25:13","Unknown","referral"
1463,"2026-07-01 23:47:07","Giza","discount_code"
1464,"2026-06-15 20:44:02","Alexandria","paid_search"
1465,"2026-06-13 03:15:28","North Sinai","referral"
1466,"2026-06-28 07:49:47","Giza","discount_code"
1467,"2026-06-23 11:24:01","Unknown","discount_code"
1468,"2026-06-09 18:35:11","Giza","organic"
1469,"2026-06-23 06:52:59","Cairo","referral"
1470,"2026-07-08 00:24:10","North Sinai","referral"
1471,"2026-07-03 17:28:01","Giza","facebook_ads"
1472,"2026-06-29 07:57:24","Alexandria","paid_search"
1473,"2026-07-06 10:44:44","Alexandria","paid_search"
1474,"2026-06-27 23:13:27","Alexandria","organic"
1475,"2026-06-09 18:15:50","Unknown","referral"
1476,"2026-06-22 01:18:23","Giza","facebook_ads"
1477,"2026-07-07 12:16:34","Alexandria","organic"
1478,"2026-06-09 19:06:35","Giza","discount_code"
1479,"2026-07-05 09:15:28","Cairo","referral"
1480,"2026-06-20 06:42:41","Alexandria","discount_code"
1481,"2026-07-01 15:51:30","Cairo","referral"
1482,"2026-06-26 19:27:29","Giza","organic"
1483,"2026-06-25 15:14:10","Cairo","paid_search"
1484,"2026-06-09 17:56:35","Giza","organic"
1485,"2026-06-14 15:00:05","North Sinai","facebook_ads"
1486,"2026-06-28 16:47:14","Unknown","discount_code"
1487,"2026-06-17 10:35:25","North Sinai","facebook_ads"
1488,"2026-06-10 09:43:45","Cairo","discount_code"
1489,"2026-07-05 22:15:25","Alexandria","discount_code"
1490,"2026-06-29 15:23:11","Alexandria","organic"
1491,"2026-06-11 09:46:11","North Sinai","discount_code"
1492,"2026-06-13 20:22:23","Giza","referral"
1493,"2026-06-23 12:20:13","Giza","organic"
1494,"2026-07-01 06:04:35","North Sinai","discount_code"
1495,"2026-07-03 11:40:30","Alexandria","discount_code"
1496,"2026-06-13 20:19:30","Cairo","facebook_ads"
1497,"2026-06-20 01:15:09","Giza","referral"
1498,"2026-06-27 12:57:14","Alexandria","paid_search"
1499,"2026-06-13 12:47:37","Cairo","organic"
1500,"2026-06-25 13:21:57","Giza","organic"
1501,"2026-06-16 18:55:15","Alexandria","facebook_ads"
1502,"2026-06-21 18:33:45","Giza","referral"
1503,"2026-06-22 17:55:11","Giza","facebook_ads"
1504,"2026-06-28 11:11:45","North Sinai","organic"
1505,"2026-06-25 18:34:23","Alexandria","paid_search"
1506,"2026-07-01 16:51:09","Giza","paid_search"
1507,"2026-06-17 05:16:50","Alexandria","paid_search"
1508,"2026-06-23 11:02:34","North Sinai","organic"
1509,"2026-06-11 14:05:29","North Sinai","organic"
1510,"2026-06-25 17:21:18","North Sinai","facebook_ads"
1511,"2026-07-06 09:04:42","Giza","referral"
1512,"2026-06-13 16:48:52","Unknown","discount_code"
1513,"2026-06-27 00:00:54","Giza","organic"
1514,"2026-06-24 10:51:21","Giza","organic"
1515,"2026-07-05 11:39:53","North Sinai","organic"
1516,"2026-06-29 10:05:39","Cairo","facebook_ads"
1517,"2026-07-02 06:31:46","Alexandria","facebook_ads"
1518,"2026-06-24 08:21:53","Unknown","organic"
1519,"2026-06-11 00:04:51","Giza","referral"
1520,"2026-06-10 13:16:27","Cairo","facebook_ads"
1521,"2026-06-16 15:52:10","North Sinai","organic"
1522,"2026-06-08 13:14:53","Unknown","referral"
1523,"2026-06-29 21:01:45","Alexandria","organic"
1524,"2026-06-08 15:52:58","Unknown","referral"
1525,"2026-07-01 18:48:12","Giza","organic"
1526,"2026-06-09 01:18:06","Giza","organic"
1527,"2026-07-02 15:14:25","Alexandria","discount_code"
1528,"2026-06-15 15:26:12","Unknown","discount_code"
1529,"2026-06-21 23:53:39","Giza","discount_code"
1530,"2026-06-20 04:54:56","Alexandria","referral"
1531,"2026-07-01 04:14:31","North Sinai","referral"
1532,"2026-06-23 15:48:27","North Sinai","facebook_ads"
1533,"2026-06-22 04:31:34","Giza","paid_search"
1534,"2026-06-26 02:44:55","Alexandria","facebook_ads"
1535,"2026-06-21 04:10:34","Alexandria","paid_search"
1536,"2026-06-29 22:13:36","Alexandria","paid_search"
1537,"2026-06-23 07:57:38","North Sinai","paid_search"
1538,"2026-06-17 16:19:53","Cairo","facebook_ads"
1539,"2026-07-04 12:18:12","Cairo","paid_search"
1540,"2026-06-30 01:36:42","Giza","organic"
1541,"2026-06-08 17:08:37","Cairo","referral"
1542,"2026-06-12 05:24:49","Alexandria","referral"
1543,"2026-07-07 17:25:46","North Sinai","facebook_ads"
1544,"2026-06-22 03:57:16","Cairo","paid_search"
1545,"2026-06-30 21:56:39","Alexandria","organic"
1546,"2026-06-15 15:45:23","Alexandria","paid_search"
1547,"2026-06-29 04:05:41","Alexandria","discount_code"
1548,"2026-06-12 14:04:31","Giza","organic"
1549,"2026-06-22 03:27:43","Alexandria","organic"
1550,"2026-07-03 04:24:30","North Sinai","organic"
1551,"2026-06-28 22:15:13","Cairo","organic"
1552,"2026-07-07 18:21:12","North Sinai","organic"
1553,"2026-06-26 17:56:27","Alexandria","organic"
1554,"2026-06-12 03:57:27","North Sinai","discount_code"
1555,"2026-07-04 14:01:43","Cairo","discount_code"
1556,"2026-07-08 04:22:53","Unknown","discount_code"
1557,"2026-06-25 06:45:26","Cairo","paid_search"
1558,"2026-06-15 06:10:09","Alexandria","paid_search"
1559,"2026-06-14 09:20:09","North Sinai","paid_search"
1560,"2026-07-06 01:12:58","Alexandria","facebook_ads"
1561,"2026-06-20 07:04:47","Cairo","discount_code"
1562,"2026-06-28 00:57:33","North Sinai","organic"
1563,"2026-07-05 07:41:27","Giza","facebook_ads"
1564,"2026-06-15 16:02:44","Cairo","discount_code"
1565,"2026-07-01 17:48:38","Giza","organic"
1566,"2026-06-13 20:05:26","Alexandria","paid_search"
1567,"2026-06-24 14:38:12","Unknown","paid_search"
1568,"2026-06-09 19:47:33","North Sinai","organic"
1569,"2026-06-14 13:03:43","Giza","organic"
1570,"2026-06-12 10:53:03","Unknown","facebook_ads"
1571,"2026-07-03 09:41:20","Giza","organic"
1572,"2026-06-30 02:32:30","Cairo","organic"
1573,"2026-06-19 10:49:41","North Sinai","discount_code"
1574,"2026-07-05 03:31:44","Cairo","paid_search"
1575,"2026-06-27 16:27:51","Alexandria","facebook_ads"
1576,"2026-06-19 02:39:42","Giza","referral"
1577,"2026-06-21 13:47:13","Alexandria","discount_code"
1578,"2026-07-07 05:45:28","Alexandria","discount_code"
1579,"2026-06-25 19:37:26","Giza","discount_code"
1580,"2026-06-26 12:32:27","Giza","referral"
1581,"2026-06-24 08:08:17","Unknown","discount_code"
1582,"2026-06-29 11:58:56","North Sinai","organic"
1583,"2026-06-21 09:25:22","Giza","paid_search"
1584,"2026-06-22 18:47:25","Cairo","organic"
1585,"2026-06-16 20:48:09","Cairo","paid_search"
1586,"2026-07-07 02:04:46","Giza","discount_code"
1587,"2026-06-25 08:24:03","Alexandria","discount_code"
1588,"2026-06-24 22:43:33","Alexandria","discount_code"
1589,"2026-06-08 13:10:38","Alexandria","organic"
1590,"2026-07-05 22:33:21","Giza","organic"
1591,"2026-06-29 12:14:29","Giza","referral"
1592,"2026-06-14 12:39:05","Giza","facebook_ads"
1593,"2026-06-28 04:10:29","Alexandria","discount_code"
1594,"2026-06-19 12:13:44","Unknown","discount_code"
1595,"2026-07-07 03:03:29","Unknown","paid_search"
1596,"2026-07-07 08:50:58","Giza","facebook_ads"
1597,"2026-07-04 21:03:33","Giza","discount_code"
1598,"2026-06-18 02:42:20","Cairo","referral"
1599,"2026-07-04 16:35:32","Alexandria","referral"
1600,"2026-06-10 02:56:59","Unknown","referral"
1601,"2026-06-14 05:38:03","Giza","discount_code"
1602,"2026-06-17 09:40:25","North Sinai","referral"
1603,"2026-06-22 07:08:05","Alexandria","facebook_ads"
1604,"2026-06-14 02:22:24","Alexandria","referral"
1605,"2026-06-20 14:48:34","Alexandria","organic"
1606,"2026-06-18 00:49:02","Giza","organic"
1607,"2026-06-09 12:01:58","Giza","organic"
1608,"2026-06-17 18:14:34","Alexandria","discount_code"
1609,"2026-06-26 01:10:49","Alexandria","paid_search"
1610,"2026-06-19 03:59:04","North Sinai","referral"
1611,"2026-06-30 02:55:31","Cairo","facebook_ads"
1612,"2026-07-08 05:56:36","Giza","facebook_ads"
1613,"2026-07-01 18:01:19","North Sinai","facebook_ads"
1614,"2026-06-20 03:58:07","Giza","referral"
1615,"2026-07-03 21:21:09","Alexandria","organic"
1616,"2026-06-15 06:31:13","Alexandria","referral"
1617,"2026-07-04 20:59:47","Giza","organic"
1618,"2026-06-13 19:41:47","Alexandria","facebook_ads"
1619,"2026-06-17 06:23:45","Alexandria","paid_search"
1620,"2026-06-18 10:21:20","Unknown","discount_code"
1621,"2026-06-13 13:08:50","Giza","paid_search"
1622,"2026-06-27 04:09:43","Unknown","discount_code"
1623,"2026-06-11 13:50:43","Alexandria","organic"
1624,"2026-06-11 10:04:29","Giza","facebook_ads"
1625,"2026-07-06 19:11:43","Alexandria","referral"
1626,"2026-07-02 13:55:06","North Sinai","paid_search"
1627,"2026-07-08 01:11:59","Unknown","facebook_ads"
1628,"2026-06-14 18:09:11","Alexandria","facebook_ads"
1629,"2026-06-09 19:24:10","Alexandria","referral"
1630,"2026-07-01 16:18:38","Giza","organic"
1631,"2026-06-26 01:46:19","Unknown","discount_code"
1632,"2026-06-14 06:40:42","Alexandria","referral"
1633,"2026-06-11 08:52:27","Alexandria","referral"
1634,"2026-06-23 02:35:27","Alexandria","referral"
1635,"2026-06-20 21:25:28","Giza","paid_search"
1636,"2026-06-13 02:47:03","Alexandria","facebook_ads"
1637,"2026-07-05 16:55:12","Cairo","organic"
1638,"2026-06-15 08:56:22","Alexandria","paid_search"
1639,"2026-07-08 04:25:40","Alexandria","discount_code"
1640,"2026-07-06 11:37:00","North Sinai","facebook_ads"
1641,"2026-06-17 01:29:54","Unknown","paid_search"
1642,"2026-06-08 13:34:08","Alexandria","facebook_ads"
1643,"2026-06-29 02:45:38","Giza","referral"
1644,"2026-06-22 23:51:09","Alexandria","facebook_ads"
1645,"2026-07-01 03:45:20","Giza","referral"
1646,"2026-06-30 05:34:34","Cairo","referral"
1647,"2026-07-05 07:57:56","North Sinai","discount_code"
1648,"2026-06-22 17:52:31","Unknown","discount_code"
1649,"2026-07-07 05:58:45","Giza","referral"
1650,"2026-07-03 14:07:51","Alexandria","facebook_ads"
1651,"2026-06-27 08:13:47","North Sinai","paid_search"
1652,"2026-06-11 00:41:48","Giza","referral"
1653,"2026-06-11 18:20:12","Cairo","discount_code"
1654,"2026-06-21 21:22:39","Alexandria","discount_code"
1655,"2026-06-09 23:12:51","Alexandria","referral"
1656,"2026-06-29 16:09:58","Unknown","referral"
1657,"2026-06-13 20:38:55","Giza","discount_code"
1658,"2026-06-26 06:50:43","Cairo","paid_search"
1659,"2026-07-04 11:37:57","Unknown","paid_search"
1660,"2026-06-11 16:42:22","Giza","paid_search"
1661,"2026-06-21 05:25:29","Unknown","discount_code"
1662,"2026-07-03 21:02:43","Alexandria","facebook_ads"
1663,"2026-06-11 09:31:57","Giza","facebook_ads"
1664,"2026-06-28 12:22:07","Giza","organic"
1665,"2026-06-13 02:21:51","Giza","facebook_ads"
1666,"2026-06-28 08:50:59","Alexandria","discount_code"
1667,"2026-06-10 22:03:06","Alexandria","organic"
1668,"2026-06-18 20:18:13","Alexandria","discount_code"
1669,"2026-06-21 06:17:56","Giza","facebook_ads"
1670,"2026-06-30 04:30:15","Alexandria","discount_code"
1671,"2026-07-04 20:07:05","Alexandria","organic"
1672,"2026-07-05 12:42:30","Giza","discount_code"
1673,"2026-06-14 17:07:53","Unknown","referral"
1674,"2026-06-28 21:37:21","Cairo","paid_search"
1675,"2026-06-28 09:22:03","Alexandria","facebook_ads"
1676,"2026-06-24 08:58:59","Cairo","organic"
1677,"2026-07-03 12:27:36","Alexandria","facebook_ads"
1678,"2026-06-29 12:58:50","Cairo","organic"
1679,"2026-06-14 05:42:22","North Sinai","facebook_ads"
1680,"2026-07-05 20:44:51","Giza","facebook_ads"
1681,"2026-07-02 09:52:57","Unknown","discount_code"
1682,"2026-06-29 00:55:33","North Sinai","paid_search"
1683,"2026-06-21 14:41:37","Alexandria","organic"
1684,"2026-06-14 10:48:39","Alexandria","discount_code"
1685,"2026-06-09 10:49:47","Giza","facebook_ads"
1686,"2026-07-02 14:18:05","Alexandria","paid_search"
1687,"2026-06-14 13:51:59","Unknown","paid_search"
1688,"2026-06-12 03:45:43","Alexandria","referral"
1689,"2026-06-25 07:33:33","North Sinai","paid_search"
1690,"2026-06-22 05:47:05","Unknown","organic"
1691,"2026-06-17 19:23:18","North Sinai","paid_search"
1692,"2026-06-15 09:50:36","Alexandria","discount_code"
1693,"2026-07-01 15:11:04","Giza","facebook_ads"
1694,"2026-06-13 21:13:13","Cairo","facebook_ads"
1695,"2026-06-09 22:29:41","Cairo","facebook_ads"
1696,"2026-07-01 17:16:12","Alexandria","paid_search"
1697,"2026-07-03 21:05:08","Cairo","paid_search"
1698,"2026-07-06 17:28:30","Alexandria","paid_search"
1699,"2026-06-09 22:51:06","Giza","discount_code"
1700,"2026-06-19 05:06:08","Alexandria","facebook_ads"
1701,"2026-07-06 01:16:28","Unknown","paid_search"
1702,"2026-06-25 02:39:01","North Sinai","organic"
1703,"2026-06-24 12:45:35","Cairo","discount_code"
1704,"2026-06-18 07:05:23","Cairo","referral"
1705,"2026-06-20 23:34:56","North Sinai","facebook_ads"
1706,"2026-06-12 02:30:32","Alexandria","facebook_ads"
1707,"2026-06-23 14:21:34","North Sinai","organic"
1708,"2026-06-13 07:39:55","Giza","facebook_ads"
1709,"2026-07-01 05:25:05","Alexandria","organic"
1710,"2026-06-30 19:01:11","Alexandria","referral"
1711,"2026-06-16 04:04:00","Unknown","organic"
1712,"2026-07-01 00:45:08","Giza","facebook_ads"
1713,"2026-06-12 03:58:11","Alexandria","organic"
1714,"2026-06-15 18:30:12","Alexandria","facebook_ads"
1715,"2026-06-13 13:17:15","Alexandria","paid_search"
1716,"2026-06-13 23:38:07","Giza","referral"
1717,"2026-06-20 07:38:17","Unknown","referral"
1718,"2026-06-27 18:26:57","North Sinai","discount_code"
1719,"2026-07-05 11:42:35","Cairo","organic"
1720,"2026-06-10 10:00:08","Unknown","referral"
1721,"2026-06-20 02:14:27","Alexandria","facebook_ads"
1722,"2026-07-06 13:34:32","Giza","facebook_ads"
1723,"2026-06-08 12:29:16","Cairo","referral"
1724,"2026-06-09 23:21:08","Alexandria","referral"
1725,"2026-06-18 10:08:26","Giza","facebook_ads"
1726,"2026-07-05 03:20:03","Giza","facebook_ads"
1727,"2026-06-27 18:44:57","Alexandria","referral"
1728,"2026-06-13 21:53:27","Giza","paid_search"
1729,"2026-06-17 20:12:08","Unknown","paid_search"
1730,"2026-06-22 14:18:18","Giza","facebook_ads"
1731,"2026-06-23 04:06:58","Cairo","referral"
1732,"2026-06-21 22:37:09","Giza","discount_code"
1733,"2026-06-17 18:16:29","Giza","referral"
1734,"2026-07-05 05:59:52","Giza","discount_code"
1735,"2026-06-22 19:30:45","Alexandria","organic"
1736,"2026-06-11 09:06:05","Giza","paid_search"
1737,"2026-06-20 00:44:01","Alexandria","discount_code"
1738,"2026-06-18 15:14:10","Alexandria","organic"
1739,"2026-06-19 00:49:32","Unknown","paid_search"
1740,"2026-06-25 03:00:38","Giza","facebook_ads"
1741,"2026-06-20 04:27:01","Alexandria","facebook_ads"
1742,"2026-06-22 15:20:55","North Sinai","discount_code"
1743,"2026-06-16 19:10:20","Alexandria","discount_code"
1744,"2026-06-27 16:28:10","Cairo","organic"
1745,"2026-06-19 11:46:56","Unknown","organic"
1746,"2026-06-14 18:05:59","Unknown","discount_code"
1747,"2026-06-29 20:52:05","Giza","discount_code"
1748,"2026-06-20 18:06:21","Giza","organic"
1749,"2026-07-06 03:03:50","Cairo","facebook_ads"
1750,"2026-07-07 06:43:07","Giza","discount_code"
1751,"2026-07-02 07:34:02","North Sinai","discount_code"
1752,"2026-07-03 13:25:33","North Sinai","paid_search"
1753,"2026-06-30 11:48:59","Unknown","discount_code"
1754,"2026-07-07 13:13:38","North Sinai","referral"
1755,"2026-07-04 02:34:33","Giza","paid_search"
1756,"2026-06-19 19:20:16","Alexandria","facebook_ads"
1757,"2026-06-25 03:42:18","Cairo","paid_search"
1758,"2026-06-30 04:00:05","Giza","referral"
1759,"2026-06-12 13:26:30","Alexandria","organic"
1760,"2026-06-27 21:06:39","Giza","paid_search"
1761,"2026-06-09 15:29:27","Giza","facebook_ads"
1762,"2026-07-01 01:37:56","Cairo","discount_code"
1763,"2026-06-24 02:08:36","Alexandria","facebook_ads"
1764,"2026-07-05 00:48:18","Giza","paid_search"
1765,"2026-06-29 01:34:34","North Sinai","organic"
1766,"2026-06-20 20:27:54","Cairo","discount_code"
1767,"2026-06-16 07:18:38","Alexandria","discount_code"
1768,"2026-07-06 09:42:59","Giza","referral"
1769,"2026-06-14 17:38:46","Cairo","discount_code"
1770,"2026-06-24 21:54:34","Giza","discount_code"
1771,"2026-06-18 16:36:36","Cairo","paid_search"
1772,"2026-06-09 07:49:52","North Sinai","discount_code"
1773,"2026-06-29 16:47:54","Alexandria","paid_search"
1774,"2026-07-07 01:59:15","Alexandria","paid_search"
1775,"2026-06-12 13:41:32","North Sinai","discount_code"
1776,"2026-07-06 18:30:45","Unknown","paid_search"
1777,"2026-07-02 14:16:24","Alexandria","facebook_ads"
1778,"2026-06-10 13:12:14","North Sinai","organic"
1779,"2026-06-29 13:34:59","Giza","facebook_ads"
1780,"2026-06-30 03:38:30","Alexandria","organic"
1781,"2026-06-14 07:02:48","Unknown","facebook_ads"
1782,"2026-06-30 05:13:20","North Sinai","referral"
1783,"2026-07-03 04:06:00","North Sinai","paid_search"
1784,"2026-06-28 06:53:52","Unknown","organic"
1785,"2026-06-22 04:47:24","Alexandria","facebook_ads"
1786,"2026-06-13 10:33:04","Cairo","referral"
1787,"2026-06-22 14:06:55","Cairo","referral"
1788,"2026-06-22 22:23:47","Unknown","organic"
1789,"2026-07-08 08:36:30","North Sinai","facebook_ads"
1790,"2026-06-25 05:44:12","Alexandria","organic"
1791,"2026-06-22 00:07:46","Unknown","paid_search"
1792,"2026-07-07 21:42:48","Cairo","discount_code"
1793,"2026-07-02 08:06:58","Giza","discount_code"
1794,"2026-07-01 12:42:02","Giza","organic"
1795,"2026-06-11 17:52:47","Alexandria","referral"
1796,"2026-06-19 03:28:37","North Sinai","facebook_ads"
1797,"2026-07-01 21:03:58","Giza","facebook_ads"
1798,"2026-06-23 06:30:03","Cairo","facebook_ads"
1799,"2026-06-22 01:03:33","Giza","paid_search"
1800,"2026-06-11 17:37:35","Unknown","referral"
1801,"2026-06-09 22:42:50","Alexandria","facebook_ads"
1802,"2026-06-25 00:48:55","Giza","paid_search"
1803,"2026-07-02 18:51:29","Alexandria","organic"
1804,"2026-06-20 08:17:28","Unknown","referral"
1805,"2026-06-15 23:03:58","North Sinai","discount_code"
1806,"2026-06-16 07:47:15","North Sinai","discount_code"
1807,"2026-06-15 08:53:56","Giza","paid_search"
1808,"2026-06-27 09:44:34","Alexandria","discount_code"
1809,"2026-07-02 05:08:30","Giza","paid_search"
1810,"2026-06-14 23:11:21","Alexandria","referral"
1811,"2026-06-11 17:38:37","North Sinai","discount_code"
1812,"2026-06-16 11:30:48","Cairo","paid_search"
1813,"2026-06-10 14:57:44","Unknown","organic"
1814,"2026-06-15 05:31:58","Alexandria","referral"
1815,"2026-06-10 19:10:07","Giza","referral"
1816,"2026-06-09 19:41:49","Unknown","facebook_ads"
1817,"2026-06-16 16:47:59","Unknown","discount_code"
1818,"2026-06-17 00:50:48","Cairo","facebook_ads"
1819,"2026-06-25 21:16:01","North Sinai","discount_code"
1820,"2026-06-25 18:01:18","Cairo","facebook_ads"
1821,"2026-07-07 22:53:56","Cairo","organic"
1822,"2026-06-19 19:29:58","North Sinai","organic"
1823,"2026-06-15 00:02:34","North Sinai","facebook_ads"
1824,"2026-06-13 22:12:33","North Sinai","paid_search"
1825,"2026-06-13 20:37:31","Cairo","referral"
1826,"2026-07-07 19:07:22","Alexandria","paid_search"
1827,"2026-07-04 18:31:45","Giza","discount_code"
1828,"2026-07-04 18:10:11","Giza","organic"
1829,"2026-06-15 11:47:22","Unknown","facebook_ads"
1830,"2026-06-26 03:44:14","Alexandria","organic"
1831,"2026-07-03 14:01:59","Unknown","discount_code"
1832,"2026-06-13 13:22:14","Cairo","facebook_ads"
1833,"2026-06-22 02:51:39","Alexandria","discount_code"
1834,"2026-06-16 12:52:57","Giza","discount_code"
1835,"2026-06-16 17:39:36","Cairo","facebook_ads"
1836,"2026-06-12 00:21:26","Giza","facebook_ads"
1837,"2026-07-07 20:44:17","Unknown","organic"
1838,"2026-06-19 15:09:27","North Sinai","organic"
1839,"2026-07-04 12:04:00","Giza","organic"
1840,"2026-07-02 16:18:42","North Sinai","facebook_ads"
1841,"2026-07-03 09:54:13","Giza","facebook_ads"
1842,"2026-07-03 05:55:56","Alexandria","referral"
1843,"2026-07-04 11:33:21","Giza","paid_search"
1844,"2026-06-28 19:06:42","Alexandria","referral"
1845,"2026-06-14 04:57:14","Cairo","referral"
1846,"2026-07-06 07:52:42","Cairo","discount_code"
1847,"2026-06-21 17:44:48","Unknown","paid_search"
1848,"2026-06-30 16:06:44","Cairo","facebook_ads"
1849,"2026-07-05 13:21:57","Cairo","referral"
1850,"2026-06-12 09:24:15","Giza","facebook_ads"
1851,"2026-06-18 17:31:24","Giza","organic"
1852,"2026-07-07 23:46:21","Cairo","facebook_ads"
1853,"2026-06-27 04:10:01","Alexandria","paid_search"
1854,"2026-06-20 23:13:06","Giza","paid_search"
1855,"2026-07-04 04:09:16","Cairo","discount_code"
1856,"2026-06-14 12:45:46","Alexandria","referral"
1857,"2026-07-07 12:38:14","Cairo","facebook_ads"
1858,"2026-07-07 22:51:38","Cairo","referral"
1859,"2026-06-19 02:00:29","Alexandria","discount_code"
1860,"2026-07-03 14:34:07","Cairo","discount_code"
1861,"2026-06-27 11:48:08","Giza","discount_code"
1862,"2026-06-29 19:48:16","Unknown","discount_code"
1863,"2026-07-03 13:25:31","Alexandria","paid_search"
1864,"2026-06-20 11:01:52","Cairo","facebook_ads"
1865,"2026-06-25 15:03:55","North Sinai","paid_search"
1866,"2026-06-09 22:30:25","Giza","facebook_ads"
1867,"2026-06-08 16:45:07","Alexandria","referral"
1868,"2026-06-09 08:28:52","Giza","facebook_ads"
1869,"2026-06-14 05:20:20","Giza","referral"
1870,"2026-06-23 22:21:53","Giza","referral"
1871,"2026-06-20 02:47:20","Giza","discount_code"
1872,"2026-06-17 01:11:30","Giza","paid_search"
1873,"2026-06-12 19:56:42","Alexandria","paid_search"
1874,"2026-07-06 13:18:30","Alexandria","paid_search"
1875,"2026-06-11 19:47:46","North Sinai","referral"
1876,"2026-06-22 20:14:00","Alexandria","facebook_ads"
1877,"2026-06-27 08:05:10","Giza","discount_code"
1878,"2026-06-18 18:45:22","Unknown","discount_code"
1879,"2026-06-23 19:17:31","Alexandria","discount_code"
1880,"2026-07-06 06:46:43","North Sinai","referral"
1881,"2026-06-16 02:34:40","Giza","organic"
1882,"2026-06-24 05:26:28","Giza","paid_search"
1883,"2026-06-23 07:25:24","Giza","discount_code"
1884,"2026-06-28 14:44:19","Giza","paid_search"
1885,"2026-07-02 12:27:01","Alexandria","organic"
1886,"2026-06-13 19:53:35","Cairo","organic"
1887,"2026-07-08 07:05:32","Cairo","paid_search"
1888,"2026-06-13 18:12:09","Giza","paid_search"
1889,"2026-06-24 04:23:23","Unknown","paid_search"
1890,"2026-06-12 02:12:31","Cairo","discount_code"
1891,"2026-06-24 23:24:24","Giza","facebook_ads"
1892,"2026-06-12 01:30:50","Unknown","referral"
1893,"2026-06-23 12:11:30","Giza","referral"
1894,"2026-06-30 22:16:36","Giza","organic"
1895,"2026-06-15 00:59:21","Cairo","referral"
1896,"2026-06-30 11:48:49","Unknown","paid_search"
1897,"2026-06-09 16:56:40","Cairo","organic"
1898,"2026-06-19 05:42:49","Unknown","discount_code"
1899,"2026-06-11 03:26:45","North Sinai","paid_search"
1900,"2026-06-22 09:24:55","Unknown","organic"
1901,"2026-06-26 16:23:05","Giza","referral"
1902,"2026-06-14 01:20:14","Giza","discount_code"
1903,"2026-07-03 07:09:57","Giza","referral"
1904,"2026-06-24 07:52:45","Giza","discount_code"
1905,"2026-06-18 00:49:54","Alexandria","organic"
1906,"2026-06-18 22:41:52","North Sinai","facebook_ads"
1907,"2026-06-29 10:07:56","Cairo","organic"
1908,"2026-06-29 13:28:44","Alexandria","organic"
1909,"2026-06-26 17:28:35","North Sinai","referral"
1910,"2026-06-11 11:37:18","North Sinai","referral"
1911,"2026-06-16 23:08:57","Unknown","referral"
1912,"2026-07-01 07:39:29","North Sinai","discount_code"
1913,"2026-07-06 12:08:37","Alexandria","discount_code"
1914,"2026-06-13 09:23:00","Alexandria","discount_code"
1915,"2026-06-20 06:50:47","North Sinai","organic"
1916,"2026-06-22 11:01:34","Alexandria","organic"
1917,"2026-06-11 10:54:05","Unknown","organic"
1918,"2026-06-25 20:23:54","Unknown","organic"
1919,"2026-06-20 15:15:36","Giza","discount_code"
1920,"2026-07-07 01:25:44","Alexandria","discount_code"
1921,"2026-07-06 06:39:54","North Sinai","referral"
1922,"2026-06-16 02:35:13","Giza","organic"
1923,"2026-06-29 15:20:29","North Sinai","discount_code"
1924,"2026-06-11 15:56:51","Giza","organic"
1925,"2026-06-17 01:07:39","Unknown","paid_search"
1926,"2026-06-14 02:49:17","Alexandria","facebook_ads"
1927,"2026-06-13 08:21:40","North Sinai","facebook_ads"
1928,"2026-07-05 02:19:45","North Sinai","organic"
1929,"2026-06-23 13:05:56","Unknown","facebook_ads"
1930,"2026-06-27 12:22:23","Unknown","facebook_ads"
1931,"2026-06-27 15:23:48","North Sinai","referral"
1932,"2026-06-09 20:04:21","North Sinai","discount_code"
1933,"2026-06-18 18:27:41","North Sinai","discount_code"
1934,"2026-07-01 21:55:33","Alexandria","referral"
1935,"2026-06-13 01:20:44","Giza","paid_search"
1936,"2026-07-03 12:25:06","Alexandria","referral"
1937,"2026-06-30 11:24:33","Giza","organic"
1938,"2026-06-18 06:45:45","North Sinai","discount_code"
1939,"2026-07-06 09:51:52","Alexandria","discount_code"
1940,"2026-06-26 13:50:31","Alexandria","organic"
1941,"2026-06-19 07:55:19","North Sinai","organic"
1942,"2026-06-12 20:41:01","Giza","organic"
1943,"2026-06-26 14:38:10","North Sinai","paid_search"
1944,"2026-06-11 11:53:53","Giza","facebook_ads"
1945,"2026-06-21 05:19:43","Alexandria","organic"
1946,"2026-06-27 17:07:28","Giza","facebook_ads"
1947,"2026-07-05 20:46:37","Unknown","paid_search"
1948,"2026-07-04 00:10:29","Giza","organic"
1949,"2026-06-29 20:29:56","Alexandria","referral"
1950,"2026-07-06 14:52:29","Alexandria","organic"
1951,"2026-06-23 09:00:32","Giza","referral"
1952,"2026-06-20 09:28:36","Cairo","referral"
1953,"2026-06-20 01:57:47","Giza","referral"
1954,"2026-06-16 17:30:24","Alexandria","referral"
1955,"2026-07-02 21:34:16","Cairo","referral"
1956,"2026-06-09 22:27:52","Giza","discount_code"
1957,"2026-06-18 14:30:46","Cairo","organic"
1958,"2026-06-15 14:49:42","Giza","organic"
1959,"2026-06-23 03:19:34","Cairo","facebook_ads"
1960,"2026-06-11 13:39:31","Alexandria","paid_search"
1961,"2026-06-19 21:57:23","Cairo","referral"
1962,"2026-07-04 21:43:00","Cairo","organic"
1963,"2026-06-13 03:21:59","Alexandria","organic"
1964,"2026-07-02 23:46:38","Alexandria","organic"
1965,"2026-06-26 05:02:08","North Sinai","referral"
1966,"2026-07-06 00:06:26","Unknown","discount_code"
1967,"2026-06-29 12:04:25","Alexandria","referral"
1968,"2026-06-29 08:16:16","Cairo","organic"
1969,"2026-06-16 19:15:44","Unknown","paid_search"
1970,"2026-06-24 21:24:58","Giza","organic"
1971,"2026-07-04 04:36:57","Giza","referral"
1972,"2026-06-12 10:43:19","Unknown","paid_search"
1973,"2026-07-03 12:54:14","Giza","paid_search"
1974,"2026-06-12 12:49:15","Giza","discount_code"
1975,"2026-06-30 11:54:56","North Sinai","facebook_ads"
1976,"2026-06-17 11:34:46","Giza","facebook_ads"
1977,"2026-07-07 13:35:59","Alexandria","paid_search"
1978,"2026-06-26 15:28:22","Giza","organic"
1979,"2026-06-15 02:44:31","Alexandria","referral"
1980,"2026-06-09 18:10:36","North Sinai","organic"
1981,"2026-07-07 20:01:48","North Sinai","paid_search"
1982,"2026-06-24 05:42:11","Giza","organic"
1983,"2026-07-01 11:53:47","Cairo","discount_code"
1984,"2026-06-10 07:40:29","Giza","paid_search"
1985,"2026-07-01 12:43:21","North Sinai","organic"
1986,"2026-07-05 10:15:07","Giza","discount_code"
1987,"2026-06-25 06:45:28","Cairo","discount_code"
1988,"2026-06-15 14:38:00","Cairo","referral"
1989,"2026-06-17 03:58:47","Giza","referral"
1990,"2026-07-06 02:19:58","North Sinai","facebook_ads"
1991,"2026-07-01 04:08:55","Unknown","paid_search"
1992,"2026-07-07 07:19:41","Giza","organic"
1993,"2026-07-04 08:53:27","Giza","paid_search"
1994,"2026-06-24 06:01:21","Alexandria","referral"
1995,"2026-06-16 05:16:44","Giza","discount_code"
1996,"2026-06-11 09:34:20","Giza","paid_search"
1997,"2026-06-08 12:24:43","Cairo","paid_search"
1998,"2026-07-03 17:50:21","Giza","facebook_ads"
1999,"2026-06-24 22:40:59","Giza","discount_code"
2000,"2026-07-05 10:28:06","Alexandria","referral"
2001,"2026-06-16 14:11:24","Unknown","referral"
2002,"2026-06-22 16:21:49","Giza","facebook_ads"
2003,"2026-06-11 12:08:52","Giza","referral"
2004,"2026-06-27 14:31:30","Cairo","organic"
2005,"2026-07-05 22:53:35","Cairo","discount_code"
2006,"2026-06-23 11:28:43","Alexandria","facebook_ads"
2007,"2026-06-21 15:06:50","Alexandria","facebook_ads"
2008,"2026-06-28 20:05:53","Giza","facebook_ads"
2009,"2026-06-28 05:57:39","Giza","discount_code"
2010,"2026-07-03 20:28:51","Giza","discount_code"
2011,"2026-06-14 18:44:11","Alexandria","organic"
2012,"2026-07-05 23:01:32","North Sinai","organic"
2013,"2026-06-12 09:42:54","Unknown","discount_code"
2014,"2026-06-11 14:52:06","North Sinai","facebook_ads"
2015,"2026-07-02 06:52:26","North Sinai","organic"
2016,"2026-07-07 12:21:20","Giza","discount_code"
2017,"2026-06-27 10:59:48","Alexandria","organic"
2018,"2026-06-11 10:56:32","North Sinai","paid_search"
2019,"2026-06-21 03:28:26","Cairo","referral"
2020,"2026-06-21 10:06:51","Giza","discount_code"
2021,"2026-06-09 00:45:28","Giza","paid_search"
2022,"2026-06-24 04:24:02","Cairo","organic"
2023,"2026-07-03 02:30:23","Alexandria","organic"
2024,"2026-06-20 03:20:57","North Sinai","facebook_ads"
2025,"2026-06-25 00:46:36","Alexandria","facebook_ads"
2026,"2026-07-01 20:39:57","North Sinai","facebook_ads"
2027,"2026-06-16 16:15:11","Alexandria","referral"
2028,"2026-06-22 23:21:11","Alexandria","referral"
2029,"2026-06-16 01:04:47","Unknown","facebook_ads"
2030,"2026-07-06 23:30:01","Giza","organic"
2031,"2026-06-24 22:00:50","Cairo","facebook_ads"
2032,"2026-06-10 06:27:03","Alexandria","facebook_ads"
2033,"2026-06-29 15:01:20","Alexandria","discount_code"
2034,"2026-06-11 05:00:39","Giza","organic"
2035,"2026-06-25 01:22:19","Unknown","facebook_ads"
2036,"2026-06-19 11:44:33","Cairo","discount_code"
2037,"2026-06-12 05:23:08","North Sinai","discount_code"
2038,"2026-06-10 21:46:59","Unknown","paid_search"
2039,"2026-07-05 17:52:50","Alexandria","organic"
2040,"2026-06-30 02:41:50","Alexandria","paid_search"
2041,"2026-06-18 19:36:09","Alexandria","organic"
2042,"2026-06-13 17:06:03","Giza","facebook_ads"
2043,"2026-06-09 14:15:49","Alexandria","paid_search"
2044,"2026-06-10 20:13:38","Giza","referral"
2045,"2026-06-19 09:07:40","Cairo","paid_search"
2046,"2026-06-22 17:43:14","Unknown","paid_search"
2047,"2026-06-13 06:37:12","Cairo","referral"
2048,"2026-07-03 04:17:11","Alexandria","organic"
2049,"2026-07-07 01:22:17","Giza","organic"
2050,"2026-06-24 05:26:24","Giza","facebook_ads"
2051,"2026-07-07 21:25:37","Alexandria","facebook_ads"
2052,"2026-07-03 10:48:25","Cairo","organic"
2053,"2026-06-25 22:35:55","Unknown","referral"
2054,"2026-06-15 12:37:19","Giza","referral"
2055,"2026-06-13 10:06:54","North Sinai","paid_search"
2056,"2026-06-29 00:55:20","Alexandria","organic"
2057,"2026-06-20 06:25:14","Alexandria","referral"
2058,"2026-06-29 13:25:44","Alexandria","discount_code"
2059,"2026-06-22 18:37:36","Cairo","referral"
2060,"2026-06-13 11:02:21","Alexandria","organic"
2061,"2026-06-11 06:37:42","Cairo","discount_code"
2062,"2026-06-15 15:31:24","Cairo","referral"
2063,"2026-06-27 23:03:09","Alexandria","organic"
2064,"2026-07-01 01:00:22","North Sinai","organic"
2065,"2026-06-24 04:22:27","Giza","facebook_ads"
2066,"2026-06-25 09:49:35","Cairo","facebook_ads"
2067,"2026-06-15 20:35:53","Giza","discount_code"
2068,"2026-06-15 19:24:42","Giza","facebook_ads"
2069,"2026-06-26 16:56:51","Unknown","organic"
2070,"2026-07-06 16:10:13","Alexandria","referral"
2071,"2026-07-08 10:12:32","North Sinai","facebook_ads"
2072,"2026-07-02 02:04:22","Cairo","referral"
2073,"2026-06-19 04:25:39","Alexandria","organic"
2074,"2026-06-30 16:46:12","North Sinai","referral"
2075,"2026-06-11 01:37:26","Unknown","paid_search"
2076,"2026-06-18 07:46:48","Alexandria","paid_search"
2077,"2026-06-14 16:35:59","Alexandria","referral"
2078,"2026-06-28 14:23:19","Alexandria","referral"
2079,"2026-06-25 15:13:17","Unknown","discount_code"
2080,"2026-07-03 14:17:15","Alexandria","referral"
2081,"2026-06-09 05:43:55","Alexandria","referral"
2082,"2026-06-27 21:54:16","Giza","discount_code"
2083,"2026-06-23 11:28:58","Cairo","discount_code"
2084,"2026-06-09 16:26:07","Giza","paid_search"
2085,"2026-06-09 09:23:11","Alexandria","discount_code"
2086,"2026-06-22 19:03:40","Giza","facebook_ads"
2087,"2026-06-19 15:09:25","Alexandria","facebook_ads"
2088,"2026-06-20 14:37:49","Alexandria","referral"
2089,"2026-06-21 05:19:54","North Sinai","referral"
2090,"2026-06-29 00:25:26","Unknown","discount_code"
2091,"2026-06-21 02:23:38","Unknown","discount_code"
2092,"2026-06-14 15:38:29","Giza","facebook_ads"
2093,"2026-06-12 11:25:01","Cairo","paid_search"
2094,"2026-07-08 10:00:38","North Sinai","referral"
2095,"2026-06-09 01:53:04","North Sinai","facebook_ads"
2096,"2026-07-03 17:29:01","Giza","organic"
2097,"2026-06-14 23:05:17","Alexandria","referral"
2098,"2026-06-16 01:23:25","Unknown","discount_code"
2099,"2026-06-29 18:17:43","Giza","discount_code"
2100,"2026-06-21 21:25:17","Alexandria","organic"
2101,"2026-06-16 01:43:22","Alexandria","discount_code"
2102,"2026-06-15 18:36:41","North Sinai","organic"
2103,"2026-06-17 10:54:50","Cairo","paid_search"
2104,"2026-06-27 07:59:48","Giza","discount_code"
2105,"2026-06-18 12:51:21","Cairo","organic"
2106,"2026-06-11 07:45:06","Unknown","organic"
2107,"2026-06-24 12:10:56","Alexandria","discount_code"
2108,"2026-07-08 06:02:04","Giza","discount_code"
2109,"2026-06-19 00:42:07","Alexandria","referral"
2110,"2026-07-01 04:59:34","Alexandria","referral"
2111,"2026-06-12 04:23:46","Alexandria","discount_code"
2112,"2026-06-13 12:44:05","Unknown","referral"
2113,"2026-06-19 11:47:02","Giza","facebook_ads"
2114,"2026-06-25 21:21:49","Giza","discount_code"
2115,"2026-06-28 08:04:39","North Sinai","paid_search"
2116,"2026-06-30 23:49:51","Alexandria","facebook_ads"
2117,"2026-06-18 01:39:01","North Sinai","organic"
2118,"2026-06-24 00:24:13","Alexandria","paid_search"
2119,"2026-06-22 10:11:46","Unknown","facebook_ads"
2120,"2026-06-11 02:53:06","North Sinai","organic"
2121,"2026-06-28 03:47:52","Cairo","discount_code"
2122,"2026-06-14 03:50:54","Unknown","paid_search"
2123,"2026-07-03 05:57:15","Giza","facebook_ads"
2124,"2026-06-24 23:44:50","Alexandria","facebook_ads"
2125,"2026-06-18 04:30:55","Giza","facebook_ads"
2126,"2026-06-29 11:01:09","Cairo","discount_code"
2127,"2026-06-26 06:27:53","North Sinai","organic"
2128,"2026-06-20 17:10:53","Giza","discount_code"
2129,"2026-06-17 14:24:07","Alexandria","discount_code"
2130,"2026-07-07 20:16:50","Giza","organic"
2131,"2026-06-14 14:04:34","Unknown","organic"
2132,"2026-06-18 16:44:13","Giza","referral"
2133,"2026-07-02 20:37:34","Giza","discount_code"
2134,"2026-07-01 09:33:01","North Sinai","discount_code"
2135,"2026-06-22 23:57:56","Giza","organic"
2136,"2026-06-26 15:11:30","Cairo","organic"
2137,"2026-06-14 00:01:10","Giza","discount_code"
2138,"2026-06-29 19:51:05","Giza","organic"
2139,"2026-07-07 12:34:34","North Sinai","paid_search"
2140,"2026-06-24 22:22:35","Unknown","referral"
2141,"2026-06-12 23:40:18","North Sinai","referral"
2142,"2026-07-07 21:05:46","North Sinai","paid_search"
2143,"2026-06-22 17:50:57","North Sinai","facebook_ads"
2144,"2026-06-28 16:58:59","Cairo","organic"
2145,"2026-06-23 05:25:52","Alexandria","paid_search"
2146,"2026-06-21 15:20:01","Alexandria","paid_search"
2147,"2026-06-29 00:22:40","Giza","paid_search"
2148,"2026-06-18 00:11:24","Cairo","referral"
2149,"2026-06-21 07:00:39","Giza","paid_search"
2150,"2026-07-06 13:27:35","North Sinai","referral"
2151,"2026-06-14 10:48:01","Alexandria","discount_code"
2152,"2026-06-29 07:56:26","North Sinai","paid_search"
2153,"2026-06-16 08:04:58","Giza","organic"
2154,"2026-07-01 04:03:48","Alexandria","organic"
2155,"2026-06-26 10:54:36","Cairo","discount_code"
2156,"2026-06-13 13:11:36","Unknown","facebook_ads"
2157,"2026-06-16 23:00:34","Cairo","facebook_ads"
2158,"2026-06-11 09:29:49","North Sinai","referral"
2159,"2026-06-19 10:52:52","Unknown","discount_code"
2160,"2026-06-21 23:30:03","Alexandria","referral"
2161,"2026-07-01 22:50:32","Alexandria","paid_search"
2162,"2026-06-09 01:59:40","Giza","referral"
2163,"2026-06-23 23:49:14","North Sinai","discount_code"
2164,"2026-06-21 10:37:28","Unknown","facebook_ads"
2165,"2026-06-25 08:59:38","North Sinai","paid_search"
2166,"2026-06-23 07:02:41","Giza","paid_search"
2167,"2026-07-04 07:47:05","Unknown","paid_search"
2168,"2026-06-14 13:09:38","Cairo","discount_code"
2169,"2026-06-18 07:20:29","Alexandria","referral"
2170,"2026-06-29 21:31:16","Alexandria","facebook_ads"
2171,"2026-06-14 08:12:45","Giza","discount_code"
2172,"2026-07-07 04:22:49","North Sinai","discount_code"
2173,"2026-06-30 14:18:36","North Sinai","referral"
2174,"2026-07-02 16:32:36","Cairo","paid_search"
2175,"2026-06-09 20:44:21","Alexandria","facebook_ads"
2176,"2026-06-10 14:18:41","Cairo","discount_code"
2177,"2026-07-01 19:23:06","North Sinai","organic"
2178,"2026-07-02 10:15:41","Cairo","facebook_ads"
2179,"2026-06-16 09:22:39","Cairo","discount_code"
2180,"2026-06-17 01:04:54","Cairo","referral"
2181,"2026-06-30 23:27:21","North Sinai","referral"
2182,"2026-06-20 05:43:58","Giza","discount_code"
2183,"2026-06-16 07:57:47","Alexandria","facebook_ads"
2184,"2026-07-07 21:02:06","Unknown","facebook_ads"
2185,"2026-06-25 22:28:12","Unknown","referral"
2186,"2026-07-02 21:41:09","Cairo","paid_search"
2187,"2026-06-14 02:33:09","North Sinai","referral"
2188,"2026-06-20 03:11:54","Giza","paid_search"
2189,"2026-07-04 22:58:27","Cairo","facebook_ads"
2190,"2026-06-26 05:22:39","North Sinai","discount_code"
2191,"2026-06-28 12:17:50","Alexandria","discount_code"
2192,"2026-07-06 02:40:11","Giza","paid_search"
2193,"2026-06-27 12:20:44","Unknown","discount_code"
2194,"2026-06-24 09:08:23","Alexandria","organic"
2195,"2026-06-12 17:26:48","Cairo","paid_search"
2196,"2026-06-28 14:31:36","Alexandria","discount_code"
2197,"2026-06-15 06:50:06","Alexandria","paid_search"
2198,"2026-06-26 22:51:06","Unknown","paid_search"
2199,"2026-06-15 14:28:21","Alexandria","discount_code"
2200,"2026-07-04 14:26:37","Cairo","facebook_ads"
2201,"2026-07-05 15:28:30","Giza","discount_code"
2202,"2026-06-24 22:48:02","Alexandria","organic"
2203,"2026-06-13 18:52:25","Cairo","discount_code"
2204,"2026-06-19 06:35:50","Cairo","organic"
2205,"2026-07-05 21:25:44","Alexandria","facebook_ads"
2206,"2026-06-29 11:57:26","Alexandria","paid_search"
2207,"2026-06-23 08:39:36","Cairo","paid_search"
2208,"2026-06-15 13:55:27","Cairo","organic"
2209,"2026-07-03 07:12:29","Cairo","paid_search"
2210,"2026-06-28 10:21:04","Giza","organic"
2211,"2026-06-23 22:21:47","North Sinai","organic"
2212,"2026-06-22 18:58:08","Alexandria","paid_search"
2213,"2026-07-05 00:17:22","Alexandria","organic"
2214,"2026-07-02 22:54:27","Alexandria","organic"
2215,"2026-06-28 23:38:28","Cairo","organic"
2216,"2026-06-21 06:25:42","Giza","organic"
2217,"2026-06-30 10:56:47","Giza","organic"
2218,"2026-06-11 08:39:42","Cairo","facebook_ads"
2219,"2026-06-21 20:28:04","Cairo","facebook_ads"
2220,"2026-07-02 14:24:45","North Sinai","paid_search"
2221,"2026-07-06 18:48:21","Giza","referral"
2222,"2026-06-10 01:36:07","Alexandria","discount_code"
2223,"2026-06-26 09:14:06","Giza","discount_code"
2224,"2026-07-01 02:23:42","Alexandria","discount_code"
2225,"2026-07-01 01:15:44","Giza","organic"
2226,"2026-07-04 20:12:25","North Sinai","organic"
2227,"2026-06-28 22:33:16","Alexandria","referral"
2228,"2026-06-25 00:00:36","Cairo","organic"
2229,"2026-06-13 02:14:09","North Sinai","referral"
2230,"2026-07-02 17:19:01","North Sinai","organic"
2231,"2026-07-07 21:42:49","Alexandria","facebook_ads"
2232,"2026-06-13 04:05:46","Alexandria","discount_code"
2233,"2026-06-30 16:42:01","Alexandria","referral"
2234,"2026-07-02 15:36:43","North Sinai","paid_search"
2235,"2026-07-06 20:13:16","North Sinai","organic"
2236,"2026-07-06 15:34:48","North Sinai","facebook_ads"
2237,"2026-06-18 10:02:55","North Sinai","facebook_ads"
2238,"2026-06-22 02:55:27","Unknown","discount_code"
2239,"2026-06-14 05:46:38","Giza","organic"
2240,"2026-06-08 17:11:28","Giza","paid_search"
2241,"2026-06-11 08:32:42","North Sinai","discount_code"
2242,"2026-06-20 01:31:06","Alexandria","paid_search"
2243,"2026-06-21 06:25:17","Unknown","facebook_ads"
2244,"2026-06-09 16:29:15","Giza","referral"
2245,"2026-06-21 04:16:40","Giza","organic"
2246,"2026-06-23 18:48:33","North Sinai","paid_search"
2247,"2026-06-20 14:05:33","Giza","paid_search"
2248,"2026-07-06 23:01:00","Cairo","paid_search"
2249,"2026-06-09 21:16:51","Alexandria","referral"
2250,"2026-06-10 01:13:46","Unknown","paid_search"
2251,"2026-07-05 13:05:42","North Sinai","referral"
2252,"2026-06-26 13:37:36","North Sinai","referral"
2253,"2026-06-09 07:58:45","Giza","referral"
2254,"2026-06-27 15:55:20","North Sinai","discount_code"
2255,"2026-06-23 05:00:26","North Sinai","organic"
2256,"2026-07-06 18:07:57","Unknown","organic"
2257,"2026-06-20 12:34:08","Cairo","referral"
2258,"2026-07-04 12:37:12","Alexandria","discount_code"
2259,"2026-07-04 07:48:18","North Sinai","discount_code"
2260,"2026-06-29 16:07:34","Unknown","discount_code"
2261,"2026-06-20 01:29:18","Giza","referral"
2262,"2026-06-18 23:35:04","Giza","facebook_ads"
2263,"2026-06-09 11:30:19","Unknown","organic"
2264,"2026-06-11 00:51:06","Giza","organic"
2265,"2026-06-12 11:47:40","North Sinai","referral"
2266,"2026-06-15 22:01:09","Unknown","referral"
2267,"2026-06-14 01:17:28","North Sinai","paid_search"
2268,"2026-07-04 05:26:33","Giza","organic"
2269,"2026-06-19 21:59:01","Cairo","referral"
2270,"2026-06-11 06:54:26","Cairo","facebook_ads"
2271,"2026-06-12 11:17:11","North Sinai","organic"
2272,"2026-06-19 04:39:40","Alexandria","referral"
2273,"2026-06-12 13:38:48","North Sinai","referral"
2274,"2026-07-07 04:00:46","Unknown","referral"
2275,"2026-06-22 02:45:07","Giza","paid_search"
2276,"2026-06-15 17:44:55","Giza","facebook_ads"
2277,"2026-06-18 21:14:28","Alexandria","paid_search"
2278,"2026-07-08 02:33:14","Alexandria","organic"
2279,"2026-06-23 01:15:19","Alexandria","discount_code"
2280,"2026-06-14 01:28:41","Giza","organic"
2281,"2026-07-04 01:30:49","North Sinai","paid_search"
2282,"2026-06-13 07:40:57","North Sinai","paid_search"
2283,"2026-06-26 14:33:31","Alexandria","discount_code"
2284,"2026-06-21 09:34:41","Alexandria","paid_search"
2285,"2026-06-24 11:12:55","Cairo","facebook_ads"
2286,"2026-06-11 22:43:34","Cairo","facebook_ads"
2287,"2026-07-07 20:20:09","Giza","paid_search"
2288,"2026-06-23 21:08:09","Cairo","organic"
2289,"2026-06-18 11:58:07","Unknown","discount_code"
2290,"2026-06-13 10:45:58","North Sinai","paid_search"
2291,"2026-07-02 06:26:49","Alexandria","paid_search"
2292,"2026-06-30 14:51:39","Giza","organic"
2293,"2026-07-02 19:31:40","Alexandria","discount_code"
2294,"2026-06-29 09:18:57","Alexandria","paid_search"
2295,"2026-06-16 03:40:21","Alexandria","organic"
2296,"2026-07-05 02:44:30","Cairo","paid_search"
2297,"2026-06-11 14:05:25","Alexandria","organic"
2298,"2026-07-08 00:08:58","Alexandria","discount_code"
2299,"2026-06-20 16:00:57","Unknown","paid_search"
2300,"2026-06-15 16:22:53","Giza","facebook_ads"
2301,"2026-06-29 23:38:10","Unknown","paid_search"
2302,"2026-06-21 09:06:58","Unknown","organic"
2303,"2026-06-17 21:17:32","Giza","discount_code"
2304,"2026-06-17 01:04:11","North Sinai","facebook_ads"
2305,"2026-06-27 22:27:14","Alexandria","organic"
2306,"2026-06-08 20:42:09","Unknown","discount_code"
2307,"2026-06-10 01:28:26","Cairo","paid_search"
2308,"2026-06-27 19:07:54","North Sinai","facebook_ads"
2309,"2026-06-09 00:17:35","Alexandria","referral"
2310,"2026-06-17 22:18:05","Unknown","facebook_ads"
2311,"2026-06-29 01:16:40","Unknown","referral"
2312,"2026-06-22 16:11:44","North Sinai","referral"
2313,"2026-07-05 23:55:32","North Sinai","paid_search"
2314,"2026-06-16 01:39:17","Alexandria","discount_code"
2315,"2026-06-27 18:45:34","Alexandria","facebook_ads"
2316,"2026-06-21 11:10:13","Giza","paid_search"
2317,"2026-07-01 15:44:12","Unknown","paid_search"
2318,"2026-06-17 02:20:03","Unknown","discount_code"
2319,"2026-06-11 00:27:25","Cairo","referral"
2320,"2026-06-22 09:04:07","North Sinai","facebook_ads"
2321,"2026-06-10 10:34:46","Alexandria","facebook_ads"
2322,"2026-06-11 21:29:10","Giza","organic"
2323,"2026-06-19 08:02:08","Giza","paid_search"
2324,"2026-06-11 12:30:53","Alexandria","organic"
2325,"2026-06-24 21:42:08","Unknown","organic"
2326,"2026-07-04 06:52:40","Unknown","facebook_ads"
2327,"2026-07-03 10:18:12","Alexandria","organic"
2328,"2026-06-23 22:21:59","Cairo","discount_code"
2329,"2026-06-10 05:51:06","Giza","organic"
2330,"2026-07-07 03:40:01","Cairo","discount_code"
2331,"2026-06-29 01:27:17","Unknown","discount_code"
2332,"2026-06-18 22:48:29","Alexandria","referral"
2333,"2026-06-12 22:24:48","Cairo","discount_code"
2334,"2026-06-24 02:37:01","Alexandria","discount_code"
2335,"2026-06-27 03:07:49","Alexandria","facebook_ads"
2336,"2026-07-02 21:16:46","Alexandria","paid_search"
2337,"2026-06-30 11:37:42","Cairo","organic"
2338,"2026-06-18 09:09:45","Cairo","referral"
2339,"2026-07-06 12:34:53","Giza","referral"
2340,"2026-06-09 05:07:14","Giza","paid_search"
2341,"2026-07-03 09:51:09","Alexandria","facebook_ads"
2342,"2026-06-25 23:35:45","Alexandria","organic"
2343,"2026-06-24 02:10:39","Alexandria","discount_code"
2344,"2026-07-07 02:56:42","Cairo","referral"
2345,"2026-07-06 12:12:04","North Sinai","facebook_ads"
2346,"2026-06-26 22:34:19","Giza","paid_search"
2347,"2026-06-25 13:52:13","Cairo","paid_search"
2348,"2026-06-21 09:18:48","Giza","discount_code"
2349,"2026-06-28 12:45:25","North Sinai","discount_code"
2350,"2026-07-07 06:28:15","Alexandria","organic"
2351,"2026-06-12 01:02:57","Giza","referral"
2352,"2026-06-22 14:23:07","Cairo","organic"
2353,"2026-06-22 20:58:33","Alexandria","paid_search"
2354,"2026-07-05 22:29:09","Alexandria","paid_search"
2355,"2026-06-08 21:44:07","Unknown","facebook_ads"
2356,"2026-06-10 06:58:19","Giza","facebook_ads"
2357,"2026-06-28 06:44:40","Cairo","referral"
2358,"2026-06-11 16:00:51","Cairo","facebook_ads"
2359,"2026-06-20 07:27:22","Cairo","paid_search"
2360,"2026-06-16 19:02:05","North Sinai","organic"
2361,"2026-06-27 04:44:54","North Sinai","discount_code"
2362,"2026-07-02 06:39:31","North Sinai","organic"
2363,"2026-06-09 20:16:01","Unknown","referral"
2364,"2026-07-01 02:53:32","Alexandria","paid_search"
2365,"2026-06-10 02:52:39","Cairo","referral"
2366,"2026-06-25 20:33:37","Alexandria","discount_code"
2367,"2026-06-10 03:11:20","Alexandria","referral"
2368,"2026-06-10 11:15:28","Giza","organic"
2369,"2026-06-27 08:39:00","Giza","organic"
2370,"2026-06-10 05:53:46","Unknown","facebook_ads"
2371,"2026-07-06 21:20:40","Alexandria","discount_code"
2372,"2026-07-07 18:23:42","Cairo","referral"
2373,"2026-07-02 01:44:38","Alexandria","organic"
2374,"2026-06-19 00:59:02","Giza","paid_search"
2375,"2026-06-21 10:33:28","North Sinai","paid_search"
2376,"2026-06-15 05:02:54","Giza","paid_search"
2377,"2026-07-03 23:28:09","Cairo","referral"
2378,"2026-07-06 05:44:38","Giza","facebook_ads"
2379,"2026-06-22 23:39:18","Giza","organic"
2380,"2026-06-09 08:16:27","Giza","facebook_ads"
2381,"2026-06-09 23:36:29","Alexandria","facebook_ads"
2382,"2026-06-16 12:06:44","North Sinai","paid_search"
2383,"2026-06-18 12:50:45","Unknown","referral"
2384,"2026-07-01 07:26:22","Giza","paid_search"
2385,"2026-07-01 19:35:48","Giza","discount_code"
2386,"2026-06-17 14:44:42","Unknown","paid_search"
2387,"2026-07-05 09:39:20","Alexandria","paid_search"
2388,"2026-06-24 13:24:24","Cairo","paid_search"
2389,"2026-06-30 00:22:20","Alexandria","referral"
2390,"2026-06-23 19:39:05","Giza","organic"
2391,"2026-06-11 12:02:04","Alexandria","facebook_ads"
2392,"2026-07-06 17:27:15","Unknown","paid_search"
2393,"2026-06-24 08:16:08","Alexandria","discount_code"
2394,"2026-06-18 11:36:40","Alexandria","paid_search"
2395,"2026-06-09 12:53:18","Alexandria","referral"
2396,"2026-06-21 01:42:18","Giza","paid_search"
2397,"2026-06-22 01:36:22","Cairo","paid_search"
2398,"2026-06-15 23:05:51","Cairo","referral"
2399,"2026-06-30 06:45:49","Alexandria","paid_search"
2400,"2026-06-25 21:35:33","Giza","discount_code"
2401,"2026-06-21 03:47:52","North Sinai","organic"
2402,"2026-06-23 13:59:49","Cairo","discount_code"
2403,"2026-06-14 18:40:58","Giza","referral"
2404,"2026-07-02 06:15:14","Cairo","facebook_ads"
2405,"2026-06-28 14:52:35","North Sinai","referral"
2406,"2026-06-25 12:35:11","North Sinai","referral"
2407,"2026-07-06 16:16:12","Cairo","facebook_ads"
2408,"2026-06-13 05:12:04","Alexandria","referral"
2409,"2026-06-20 03:13:49","Alexandria","referral"
2410,"2026-06-13 21:40:39","Cairo","discount_code"
2411,"2026-06-27 15:04:06","North Sinai","discount_code"
2412,"2026-06-30 12:29:37","Alexandria","referral"
2413,"2026-06-10 15:06:28","Giza","organic"
2414,"2026-06-15 10:06:41","Giza","organic"
2415,"2026-06-21 12:01:49","Unknown","paid_search"
2416,"2026-07-06 04:58:45","North Sinai","facebook_ads"
2417,"2026-06-28 23:42:32","North Sinai","facebook_ads"
2418,"2026-07-01 11:54:29","Alexandria","organic"
2419,"2026-06-10 01:05:49","North Sinai","discount_code"
2420,"2026-06-14 10:38:07","Cairo","paid_search"
2421,"2026-06-13 02:57:11","Unknown","referral"
2422,"2026-06-30 13:23:12","Unknown","paid_search"
2423,"2026-06-20 01:21:26","Giza","facebook_ads"
2424,"2026-06-10 15:01:50","Alexandria","facebook_ads"
2425,"2026-06-14 07:14:58","Alexandria","discount_code"
2426,"2026-07-02 02:34:56","Giza","organic"
2427,"2026-06-12 13:04:15","Giza","facebook_ads"
2428,"2026-06-23 14:04:42","North Sinai","referral"
2429,"2026-06-11 15:53:08","Giza","referral"
2430,"2026-06-18 12:30:49","Giza","referral"
2431,"2026-07-01 22:03:11","Giza","referral"
2432,"2026-06-26 23:25:57","Cairo","organic"
2433,"2026-07-06 10:05:08","Alexandria","discount_code"
2434,"2026-06-24 17:34:29","Cairo","facebook_ads"
2435,"2026-07-05 14:01:19","Cairo","organic"
2436,"2026-07-08 08:27:08","North Sinai","paid_search"
2437,"2026-06-10 02:59:28","Alexandria","referral"
2438,"2026-06-17 13:49:35","Giza","organic"
2439,"2026-06-09 06:01:41","North Sinai","paid_search"
2440,"2026-06-13 01:47:35","Alexandria","organic"
2441,"2026-06-24 22:11:08","Alexandria","discount_code"
2442,"2026-06-11 01:35:24","Giza","facebook_ads"
2443,"2026-07-04 12:12:11","North Sinai","facebook_ads"
2444,"2026-06-27 17:33:07","Cairo","facebook_ads"
2445,"2026-06-15 01:04:36","Cairo","organic"
2446,"2026-06-29 09:10:26","Alexandria","paid_search"
2447,"2026-06-16 19:42:37","North Sinai","discount_code"
2448,"2026-06-23 13:50:38","Cairo","facebook_ads"
2449,"2026-06-22 13:12:13","North Sinai","paid_search"
2450,"2026-07-02 23:04:48","Alexandria","organic"
2451,"2026-07-06 02:37:52","Cairo","discount_code"
2452,"2026-06-18 00:15:58","Unknown","discount_code"
2453,"2026-07-02 07:31:34","Cairo","facebook_ads"
2454,"2026-06-20 12:15:53","Alexandria","facebook_ads"
2455,"2026-06-24 14:47:41","Unknown","facebook_ads"
2456,"2026-06-13 21:15:17","North Sinai","facebook_ads"
2457,"2026-06-26 14:27:13","North Sinai","paid_search"
2458,"2026-06-21 20:49:53","Alexandria","discount_code"
2459,"2026-06-17 18:11:31","North Sinai","paid_search"
2460,"2026-06-10 06:36:46","Alexandria","organic"
2461,"2026-06-30 09:08:33","Alexandria","paid_search"
2462,"2026-06-10 22:04:09","Unknown","facebook_ads"
2463,"2026-06-18 14:21:08","Unknown","paid_search"
2464,"2026-06-21 10:37:19","Unknown","discount_code"
2465,"2026-06-16 09:41:08","Alexandria","discount_code"
2466,"2026-06-30 08:10:03","Giza","organic"
2467,"2026-06-12 07:17:16","North Sinai","facebook_ads"
2468,"2026-06-23 14:56:14","Unknown","paid_search"
2469,"2026-06-09 10:28:57","Unknown","paid_search"
2470,"2026-06-12 23:59:53","Cairo","facebook_ads"
2471,"2026-06-21 16:40:00","North Sinai","referral"
2472,"2026-06-23 04:57:54","Alexandria","paid_search"
2473,"2026-06-25 03:01:28","Cairo","organic"
2474,"2026-06-29 06:55:09","Giza","referral"
2475,"2026-06-12 20:32:00","Cairo","organic"
2476,"2026-06-20 03:36:16","Cairo","paid_search"
2477,"2026-06-20 12:22:39","Alexandria","referral"
2478,"2026-06-18 00:18:22","Giza","organic"
2479,"2026-06-30 17:04:26","Alexandria","facebook_ads"
2480,"2026-07-04 11:32:24","Giza","referral"
2481,"2026-06-27 17:54:29","Giza","referral"
2482,"2026-06-09 20:52:55","Alexandria","organic"
2483,"2026-07-06 08:09:38","Giza","organic"
2484,"2026-06-27 03:24:15","Unknown","facebook_ads"
2485,"2026-06-12 09:40:05","Alexandria","referral"
2486,"2026-06-15 13:16:14","Unknown","discount_code"
2487,"2026-07-01 17:39:28","Alexandria","discount_code"
2488,"2026-06-09 14:27:11","Cairo","paid_search"
2489,"2026-06-15 08:28:12","Unknown","organic"
2490,"2026-06-23 01:55:27","Alexandria","paid_search"
2491,"2026-06-16 12:11:03","Giza","paid_search"
2492,"2026-06-22 13:05:22","Alexandria","facebook_ads"
2493,"2026-06-09 03:02:39","Alexandria","discount_code"
2494,"2026-06-18 10:20:52","Giza","paid_search"
2495,"2026-06-29 20:11:32","Cairo","paid_search"
2496,"2026-06-19 20:21:05","North Sinai","discount_code"
2497,"2026-06-27 17:38:54","North Sinai","organic"
2498,"2026-06-21 09:44:50","Giza","facebook_ads"
2499,"2026-06-23 19:41:16","Giza","facebook_ads"
2500,"2026-06-21 09:52:49","Cairo","organic"
2501,"2026-06-30 11:31:29","Giza","referral"
2502,"2026-06-14 14:25:46","Alexandria","discount_code"
2503,"2026-06-26 05:59:23","North Sinai","discount_code"
2504,"2026-06-15 21:07:02","Giza","paid_search"
2505,"2026-07-06 17:57:53","Cairo","facebook_ads"
2506,"2026-06-18 08:09:27","Alexandria","paid_search"
2507,"2026-07-05 17:43:37","Unknown","organic"
2508,"2026-07-03 15:01:18","Giza","facebook_ads"
2509,"2026-06-17 17:09:04","North Sinai","facebook_ads"
2510,"2026-07-08 05:02:51","Unknown","organic"
2511,"2026-07-05 12:53:01","Giza","facebook_ads"
2512,"2026-06-22 05:29:06","Alexandria","referral"
2513,"2026-06-17 21:26:31","Cairo","referral"
2514,"2026-06-09 05:14:46","Alexandria","referral"
2515,"2026-06-26 14:25:13","Cairo","facebook_ads"
2516,"2026-06-13 11:12:24","Giza","organic"
2517,"2026-06-14 15:12:31","Giza","paid_search"
2518,"2026-06-24 00:32:33","North Sinai","facebook_ads"
2519,"2026-06-29 06:04:13","Unknown","discount_code"
2520,"2026-07-04 06:25:27","Alexandria","referral"
2521,"2026-06-09 10:39:45","Unknown","facebook_ads"
2522,"2026-06-22 20:10:31","North Sinai","facebook_ads"
2523,"2026-07-05 09:13:45","Alexandria","referral"
2524,"2026-07-07 06:06:36","Alexandria","organic"
2525,"2026-06-15 16:25:32","Giza","referral"
2526,"2026-07-03 05:11:06","Alexandria","referral"
2527,"2026-06-28 00:33:25","North Sinai","organic"
2528,"2026-07-01 08:54:40","Cairo","facebook_ads"
2529,"2026-06-30 02:20:42","Alexandria","organic"
2530,"2026-06-09 17:04:24","Giza","paid_search"
2531,"2026-06-13 16:10:42","Unknown","organic"
2532,"2026-06-18 02:16:32","Unknown","facebook_ads"
2533,"2026-07-07 07:10:12","Unknown","organic"
2534,"2026-07-04 18:10:57","Alexandria","facebook_ads"
2535,"2026-06-21 12:14:45","North Sinai","facebook_ads"
2536,"2026-06-29 22:22:03","Alexandria","facebook_ads"
2537,"2026-06-28 07:23:00","Unknown","discount_code"
2538,"2026-06-15 20:22:35","Giza","organic"
2539,"2026-06-28 04:50:26","Giza","facebook_ads"
2540,"2026-06-27 00:20:01","Unknown","discount_code"
2541,"2026-06-27 07:23:41","Cairo","facebook_ads"
2542,"2026-06-25 10:43:54","Giza","discount_code"
2543,"2026-06-19 03:20:08","Giza","facebook_ads"
2544,"2026-06-20 08:10:27","Unknown","paid_search"
2545,"2026-06-24 12:18:37","Cairo","organic"
2546,"2026-06-10 16:46:48","North Sinai","paid_search"
2547,"2026-06-10 05:17:51","Giza","facebook_ads"
2548,"2026-07-03 20:01:54","Giza","referral"
2549,"2026-06-28 08:28:12","North Sinai","facebook_ads"
2550,"2026-06-15 08:13:48","Giza","facebook_ads"
2551,"2026-06-20 22:01:02","North Sinai","referral"
2552,"2026-06-14 23:52:42","Alexandria","organic"
2553,"2026-06-29 22:58:54","Cairo","referral"
2554,"2026-06-13 14:06:56","Alexandria","discount_code"
2555,"2026-06-09 14:38:15","Unknown","referral"
2556,"2026-06-22 06:13:03","North Sinai","facebook_ads"
2557,"2026-07-03 09:11:14","Giza","discount_code"
2558,"2026-06-19 20:51:20","Cairo","facebook_ads"
2559,"2026-06-14 22:46:13","Cairo","discount_code"
2560,"2026-06-20 11:52:37","Unknown","paid_search"
2561,"2026-06-16 20:39:14","Giza","organic"
2562,"2026-06-23 15:48:21","Giza","facebook_ads"
2563,"2026-06-17 17:39:22","Giza","paid_search"
2564,"2026-07-05 03:51:18","Cairo","paid_search"
2565,"2026-06-23 13:17:03","Unknown","discount_code"
2566,"2026-06-29 12:05:08","Giza","discount_code"
2567,"2026-06-28 21:29:01","Alexandria","organic"
2568,"2026-06-16 21:34:40","North Sinai","discount_code"
2569,"2026-07-01 15:19:49","Alexandria","referral"
2570,"2026-07-04 22:01:06","North Sinai","facebook_ads"
2571,"2026-07-03 20:00:45","Giza","organic"
2572,"2026-06-12 15:34:56","Alexandria","organic"
2573,"2026-06-25 02:05:06","Giza","facebook_ads"
2574,"2026-06-17 23:38:47","Giza","referral"
2575,"2026-06-21 15:08:02","Giza","organic"
2576,"2026-07-07 14:08:13","Unknown","paid_search"
2577,"2026-06-22 03:57:45","Giza","discount_code"
2578,"2026-06-19 12:10:57","Unknown","referral"
2579,"2026-06-19 17:55:22","Giza","referral"
2580,"2026-07-05 00:11:31","Alexandria","referral"
2581,"2026-06-11 03:52:13","Unknown","referral"
2582,"2026-07-04 20:21:30","Cairo","referral"
2583,"2026-07-02 06:31:59","Cairo","referral"
2584,"2026-06-16 09:25:02","North Sinai","paid_search"
2585,"2026-07-04 16:12:03","North Sinai","organic"
2586,"2026-06-24 22:10:27","Alexandria","discount_code"
2587,"2026-06-23 02:28:51","Unknown","organic"
2588,"2026-06-09 02:34:50","Unknown","paid_search"
2589,"2026-06-21 19:01:15","Alexandria","discount_code"
2590,"2026-06-18 04:43:46","Giza","referral"
2591,"2026-06-13 12:06:53","Alexandria","organic"
2592,"2026-06-23 00:31:43","Alexandria","facebook_ads"
2593,"2026-06-25 22:08:17","Unknown","paid_search"
2594,"2026-06-10 06:27:16","Alexandria","organic"
2595,"2026-07-05 06:16:35","Cairo","facebook_ads"
2596,"2026-06-19 20:32:30","North Sinai","referral"
2597,"2026-06-10 10:28:36","Alexandria","facebook_ads"
2598,"2026-07-08 11:43:49","Alexandria","referral"
2599,"2026-06-15 06:34:28","Unknown","paid_search"
2600,"2026-06-19 19:00:09","Cairo","paid_search"
2601,"2026-06-13 00:55:42","Cairo","discount_code"
2602,"2026-07-01 15:08:01","Cairo","facebook_ads"
2603,"2026-06-18 15:22:54","Unknown","paid_search"
2604,"2026-06-27 06:29:40","Alexandria","referral"
2605,"2026-07-03 07:52:16","Alexandria","paid_search"
2606,"2026-06-25 05:31:57","Unknown","organic"
2607,"2026-07-04 15:49:49","Cairo","organic"
2608,"2026-06-20 21:39:57","Alexandria","facebook_ads"
2609,"2026-06-12 14:21:38","Alexandria","discount_code"
2610,"2026-06-17 20:38:00","Giza","discount_code"
2611,"2026-06-19 18:56:23","Cairo","discount_code"
2612,"2026-06-13 10:04:33","Alexandria","facebook_ads"
2613,"2026-07-04 04:53:17","Cairo","referral"
2614,"2026-07-03 12:54:27","Alexandria","paid_search"
2615,"2026-06-11 10:33:14","North Sinai","organic"
2616,"2026-07-01 07:01:50","Giza","organic"
2617,"2026-06-29 00:42:18","Cairo","organic"
2618,"2026-06-12 07:34:37","Cairo","referral"
2619,"2026-06-30 21:55:21","Giza","discount_code"
2620,"2026-06-17 23:39:28","Alexandria","paid_search"
2621,"2026-06-20 15:58:54","Giza","discount_code"
2622,"2026-06-28 14:12:10","Giza","organic"
2623,"2026-06-18 20:01:38","Alexandria","paid_search"
2624,"2026-06-25 10:40:16","Unknown","organic"
2625,"2026-07-02 21:12:02","Alexandria","facebook_ads"
2626,"2026-06-27 22:03:43","North Sinai","paid_search"
2627,"2026-06-19 18:55:27","North Sinai","referral"
2628,"2026-06-11 18:49:59","Giza","referral"
2629,"2026-06-12 18:02:10","Alexandria","paid_search"
2630,"2026-06-10 10:18:05","North Sinai","paid_search"
2631,"2026-07-02 04:21:51","Unknown","paid_search"
2632,"2026-07-08 04:03:10","North Sinai","facebook_ads"
2633,"2026-06-28 05:18:44","North Sinai","paid_search"
2634,"2026-07-04 11:05:37","Cairo","facebook_ads"
2635,"2026-06-20 21:56:25","Alexandria","organic"
2636,"2026-06-14 09:54:14","Cairo","paid_search"
2637,"2026-07-03 10:20:42","Giza","organic"
2638,"2026-06-14 11:09:43","North Sinai","organic"
2639,"2026-06-25 18:53:26","Cairo","paid_search"
2640,"2026-07-07 18:35:14","Cairo","organic"
2641,"2026-06-21 13:44:39","Giza","discount_code"
2642,"2026-06-13 21:56:06","North Sinai","referral"
2643,"2026-06-22 01:35:51","Giza","discount_code"
2644,"2026-07-08 03:06:27","North Sinai","discount_code"
2645,"2026-06-20 15:14:46","North Sinai","organic"
2646,"2026-07-02 09:09:06","Cairo","paid_search"
2647,"2026-06-20 23:45:13","Alexandria","paid_search"
2648,"2026-06-28 10:57:23","Cairo","paid_search"
2649,"2026-06-26 12:51:15","Giza","facebook_ads"
2650,"2026-06-15 02:48:59","North Sinai","facebook_ads"
2651,"2026-06-30 12:50:34","Giza","facebook_ads"
2652,"2026-06-23 21:17:08","Cairo","organic"
2653,"2026-07-01 11:11:33","Alexandria","discount_code"
2654,"2026-06-26 20:57:49","Alexandria","paid_search"
2655,"2026-06-29 20:10:14","Alexandria","paid_search"
2656,"2026-06-26 00:39:47","North Sinai","facebook_ads"
2657,"2026-06-23 12:54:03","Cairo","facebook_ads"
2658,"2026-07-01 19:17:27","North Sinai","organic"
2659,"2026-06-12 05:13:13","Alexandria","organic"
2660,"2026-07-07 16:47:58","North Sinai","discount_code"
2661,"2026-06-22 01:37:40","Alexandria","referral"
2662,"2026-06-10 06:55:17","North Sinai","paid_search"
2663,"2026-06-09 18:39:19","Giza","facebook_ads"
2664,"2026-06-20 21:23:52","Cairo","referral"
2665,"2026-06-23 19:49:30","Giza","discount_code"
2666,"2026-06-18 14:01:31","Giza","paid_search"
2667,"2026-06-24 10:10:39","Unknown","discount_code"
2668,"2026-06-21 14:43:30","Giza","facebook_ads"
2669,"2026-06-24 17:55:10","North Sinai","paid_search"
2670,"2026-07-07 09:07:57","Cairo","organic"
2671,"2026-07-01 07:17:47","Giza","discount_code"
2672,"2026-06-18 10:44:17","Cairo","organic"
2673,"2026-06-12 16:52:44","Giza","discount_code"
2674,"2026-06-27 12:04:29","North Sinai","referral"
2675,"2026-06-12 13:03:32","Alexandria","discount_code"
2676,"2026-06-27 22:06:08","Giza","facebook_ads"
2677,"2026-06-21 11:01:47","North Sinai","paid_search"
2678,"2026-06-23 13:46:37","Giza","discount_code"
2679,"2026-06-24 18:42:33","Cairo","paid_search"
2680,"2026-07-04 19:49:50","Cairo","organic"
2681,"2026-06-18 21:19:02","North Sinai","organic"
2682,"2026-06-18 23:07:20","Alexandria","organic"
2683,"2026-07-02 08:02:47","Giza","discount_code"
2684,"2026-06-14 20:57:15","Cairo","organic"
2685,"2026-06-24 08:33:09","Unknown","referral"
2686,"2026-06-28 18:03:50","Cairo","paid_search"
2687,"2026-06-14 19:30:17","Cairo","organic"
2688,"2026-06-26 06:24:03","North Sinai","discount_code"
2689,"2026-06-25 21:50:09","North Sinai","organic"
2690,"2026-06-23 20:04:19","Giza","paid_search"
2691,"2026-07-03 07:58:12","Alexandria","paid_search"
2692,"2026-06-16 18:26:12","Giza","discount_code"
2693,"2026-06-12 22:17:07","Giza","facebook_ads"
2694,"2026-06-12 20:21:40","Alexandria","paid_search"
2695,"2026-07-05 18:33:41","Cairo","referral"
2696,"2026-07-08 09:39:56","Alexandria","organic"
2697,"2026-06-18 10:49:44","North Sinai","paid_search"
2698,"2026-06-24 10:03:43","Cairo","discount_code"
2699,"2026-07-05 17:02:52","Alexandria","referral"
2700,"2026-06-14 22:59:33","North Sinai","organic"
2701,"2026-06-21 15:46:51","Alexandria","referral"
2702,"2026-06-25 11:44:17","Cairo","facebook_ads"
2703,"2026-06-28 22:00:28","Alexandria","referral"
2704,"2026-07-01 01:23:37","Giza","paid_search"
2705,"2026-06-21 00:36:46","Unknown","discount_code"
2706,"2026-06-30 00:22:32","Alexandria","organic"
2707,"2026-06-16 05:20:26","Alexandria","facebook_ads"
2708,"2026-07-04 14:33:41","Giza","paid_search"
2709,"2026-06-11 10:46:25","Cairo","discount_code"
2710,"2026-07-02 19:40:34","Giza","paid_search"
2711,"2026-06-29 04:44:07","Giza","discount_code"
2712,"2026-06-20 03:32:17","Unknown","discount_code"
2713,"2026-06-20 10:39:07","Unknown","organic"
2714,"2026-07-03 01:59:46","North Sinai","facebook_ads"
2715,"2026-06-29 04:07:45","Giza","paid_search"
2716,"2026-06-16 21:48:21","Alexandria","organic"
2717,"2026-07-08 04:54:12","North Sinai","organic"
2718,"2026-06-26 07:55:39","Giza","paid_search"
2719,"2026-06-13 04:21:04","Alexandria","referral"
2720,"2026-06-12 05:55:57","Alexandria","discount_code"
2721,"2026-06-13 05:01:09","North Sinai","referral"
2722,"2026-06-18 18:46:39","Giza","discount_code"
2723,"2026-06-13 04:09:22","Giza","organic"
2724,"2026-06-24 19:08:14","Unknown","facebook_ads"
2725,"2026-06-10 01:00:03","Cairo","referral"
2726,"2026-06-27 04:48:21","Giza","organic"
2727,"2026-06-25 00:09:24","North Sinai","facebook_ads"
2728,"2026-06-28 07:06:29","Unknown","organic"
2729,"2026-06-25 18:21:08","Giza","discount_code"
2730,"2026-06-18 06:28:42","Giza","facebook_ads"
2731,"2026-06-29 16:25:25","North Sinai","referral"
2732,"2026-06-19 14:13:53","Alexandria","discount_code"
2733,"2026-06-27 21:43:53","Alexandria","organic"
2734,"2026-07-07 14:54:31","Giza","paid_search"
2735,"2026-06-11 17:39:32","Alexandria","facebook_ads"
2736,"2026-06-25 12:34:27","Alexandria","referral"
2737,"2026-06-22 17:36:58","Giza","facebook_ads"
2738,"2026-06-11 23:43:12","Alexandria","referral"
2739,"2026-06-10 02:23:05","Cairo","facebook_ads"
2740,"2026-06-22 07:35:13","Unknown","facebook_ads"
2741,"2026-07-06 06:10:39","Unknown","paid_search"
2742,"2026-06-26 16:37:23","Cairo","organic"
2743,"2026-06-24 17:50:24","Alexandria","organic"
2744,"2026-06-21 06:18:31","North Sinai","paid_search"
2745,"2026-06-21 02:30:24","Giza","facebook_ads"
2746,"2026-06-14 15:20:18","Alexandria","discount_code"
2747,"2026-06-29 03:37:17","Giza","paid_search"
2748,"2026-07-05 16:02:04","Alexandria","organic"
2749,"2026-06-17 22:52:56","Cairo","organic"
2750,"2026-06-21 06:38:51","North Sinai","discount_code"
2751,"2026-06-28 15:18:10","Unknown","facebook_ads"
2752,"2026-06-14 11:58:15","Giza","paid_search"
2753,"2026-06-20 23:32:08","Giza","referral"
2754,"2026-06-11 06:51:37","Alexandria","referral"
2755,"2026-06-18 15:36:40","Giza","organic"
2756,"2026-06-30 14:31:10","Giza","facebook_ads"
2757,"2026-07-06 15:50:48","Alexandria","facebook_ads"
2758,"2026-07-07 00:33:30","Unknown","referral"
2759,"2026-07-03 00:04:47","Giza","discount_code"
2760,"2026-06-15 02:44:11","Giza","organic"
2761,"2026-07-04 09:17:35","Giza","facebook_ads"
2762,"2026-06-25 08:32:10","North Sinai","discount_code"
2763,"2026-06-19 17:50:14","Alexandria","organic"
2764,"2026-06-26 17:55:01","Alexandria","facebook_ads"
2765,"2026-07-06 05:47:22","North Sinai","paid_search"
2766,"2026-07-08 02:46:31","Alexandria","organic"
2767,"2026-07-01 21:42:20","Giza","facebook_ads"
2768,"2026-06-26 08:46:16","Alexandria","discount_code"
2769,"2026-06-28 05:13:52","North Sinai","paid_search"
2770,"2026-06-09 06:46:17","Cairo","facebook_ads"
2771,"2026-07-07 02:44:17","Giza","paid_search"
2772,"2026-06-12 21:08:58","Giza","facebook_ads"
2773,"2026-06-15 03:23:22","Giza","facebook_ads"
2774,"2026-07-08 07:00:26","Giza","organic"
2775,"2026-06-28 21:45:20","Cairo","discount_code"
2776,"2026-06-14 22:14:22","North Sinai","facebook_ads"
2777,"2026-07-04 00:14:26","Giza","facebook_ads"
2778,"2026-06-19 12:51:05","Cairo","discount_code"
2779,"2026-06-21 16:23:04","Unknown","paid_search"
2780,"2026-07-07 18:59:10","Cairo","paid_search"
2781,"2026-06-27 08:00:59","North Sinai","organic"
2782,"2026-06-18 00:44:31","Unknown","referral"
2783,"2026-07-01 23:35:28","Alexandria","organic"
2784,"2026-07-02 07:04:48","Giza","organic"
2785,"2026-07-03 08:13:23","Giza","facebook_ads"
2786,"2026-06-16 20:27:38","Cairo","organic"
2787,"2026-07-02 17:28:20","Giza","referral"
2788,"2026-07-04 05:24:04","North Sinai","discount_code"
2789,"2026-06-30 21:03:20","Cairo","facebook_ads"
2790,"2026-07-05 10:31:57","Giza","organic"
2791,"2026-07-03 06:54:04","Giza","paid_search"
2792,"2026-06-25 15:48:18","Unknown","referral"
2793,"2026-06-13 06:56:30","Unknown","facebook_ads"
2794,"2026-06-26 20:58:16","Alexandria","facebook_ads"
2795,"2026-06-16 11:52:51","Unknown","organic"
2796,"2026-06-25 09:09:40","Cairo","organic"
2797,"2026-06-22 09:49:21","Cairo","facebook_ads"
2798,"2026-06-12 14:49:45","North Sinai","organic"
2799,"2026-06-09 20:20:44","Cairo","paid_search"
2800,"2026-07-06 11:08:51","North Sinai","organic"
2801,"2026-06-09 07:17:23","North Sinai","organic"
2802,"2026-06-09 01:11:30","Giza","facebook_ads"
2803,"2026-06-22 17:30:22","Alexandria","referral"
2804,"2026-06-08 18:41:43","Alexandria","discount_code"
2805,"2026-06-08 18:25:15","Cairo","discount_code"
2806,"2026-06-16 11:03:43","Cairo","referral"
2807,"2026-06-23 05:14:25","Giza","organic"
2808,"2026-06-10 00:12:37","North Sinai","organic"
2809,"2026-06-16 02:44:32","North Sinai","organic"
2810,"2026-07-07 08:17:33","North Sinai","paid_search"
2811,"2026-06-24 01:38:24","Alexandria","paid_search"
2812,"2026-06-28 04:06:08","Cairo","organic"
2813,"2026-06-21 16:50:58","Cairo","facebook_ads"
2814,"2026-06-30 03:56:18","Cairo","discount_code"
2815,"2026-06-28 13:40:19","Giza","referral"
2816,"2026-07-04 04:40:01","North Sinai","discount_code"
2817,"2026-06-12 10:40:57","Alexandria","discount_code"
2818,"2026-06-30 17:52:04","Alexandria","referral"
2819,"2026-06-20 13:52:42","Giza","discount_code"
2820,"2026-06-16 00:49:58","Alexandria","organic"
2821,"2026-06-30 21:03:16","Cairo","discount_code"
2822,"2026-06-29 16:12:55","Giza","paid_search"
2823,"2026-06-27 23:07:22","North Sinai","organic"
2824,"2026-07-08 05:23:12","Giza","paid_search"
2825,"2026-06-26 12:44:24","Cairo","paid_search"
2826,"2026-06-09 22:28:11","Cairo","paid_search"
2827,"2026-06-28 16:07:52","Cairo","facebook_ads"
2828,"2026-07-03 05:47:45","Cairo","paid_search"
2829,"2026-06-27 16:14:26","Cairo","paid_search"
2830,"2026-06-10 17:38:42","Alexandria","discount_code"
2831,"2026-06-28 17:19:28","Alexandria","referral"
2832,"2026-06-19 20:32:15","Cairo","paid_search"
2833,"2026-06-26 15:56:43","North Sinai","paid_search"
2834,"2026-06-14 23:25:32","Cairo","discount_code"
2835,"2026-07-07 05:49:08","Unknown","paid_search"
2836,"2026-06-14 08:56:26","Giza","referral"
2837,"2026-06-09 18:54:48","North Sinai","organic"
2838,"2026-06-25 02:56:06","Unknown","paid_search"
2839,"2026-07-06 02:31:37","Giza","organic"
2840,"2026-06-15 05:17:59","Giza","referral"
2841,"2026-06-08 22:53:16","North Sinai","discount_code"
2842,"2026-06-24 20:08:23","Unknown","referral"
2843,"2026-06-25 21:22:59","North Sinai","discount_code"
2844,"2026-06-16 09:14:44","Alexandria","discount_code"
2845,"2026-07-01 00:21:04","Giza","facebook_ads"
2846,"2026-07-04 07:46:13","Alexandria","facebook_ads"
2847,"2026-06-24 20:50:20","North Sinai","organic"
2848,"2026-06-11 14:04:51","Alexandria","facebook_ads"
2849,"2026-06-26 15:32:16","Alexandria","facebook_ads"
2850,"2026-06-26 13:53:58","Cairo","paid_search"
2851,"2026-06-25 09:38:21","North Sinai","discount_code"
2852,"2026-06-27 13:24:56","Giza","organic"
2853,"2026-06-27 09:02:25","Alexandria","organic"
2854,"2026-06-27 13:02:09","Cairo","organic"
2855,"2026-06-16 02:10:40","Giza","referral"
2856,"2026-06-13 17:32:36","Giza","organic"
2857,"2026-06-13 21:42:56","Unknown","facebook_ads"
2858,"2026-07-04 14:56:56","North Sinai","facebook_ads"
2859,"2026-07-04 11:33:54","Giza","discount_code"
2860,"2026-06-08 23:52:39","Alexandria","referral"
2861,"2026-06-30 10:59:29","Cairo","organic"
2862,"2026-06-27 07:15:02","Alexandria","facebook_ads"
2863,"2026-06-20 08:31:12","Giza","referral"
2864,"2026-06-18 12:05:22","Giza","paid_search"
2865,"2026-07-05 11:25:41","Unknown","organic"
2866,"2026-07-03 02:23:43","Giza","referral"
2867,"2026-06-20 17:52:03","Alexandria","discount_code"
2868,"2026-06-18 14:27:56","Cairo","paid_search"
2869,"2026-06-08 16:27:18","Unknown","facebook_ads"
2870,"2026-06-28 14:28:47","Giza","paid_search"
2871,"2026-06-10 00:26:54","Cairo","discount_code"
2872,"2026-06-10 10:10:39","Cairo","organic"
2873,"2026-06-19 00:10:48","Unknown","paid_search"
2874,"2026-07-01 12:30:24","Alexandria","paid_search"
2875,"2026-06-17 20:16:13","Cairo","discount_code"
2876,"2026-06-19 03:05:21","North Sinai","referral"
2877,"2026-07-01 05:26:49","Cairo","referral"
2878,"2026-07-08 00:50:18","Giza","paid_search"
2879,"2026-07-06 22:21:55","Unknown","paid_search"
2880,"2026-07-05 07:42:12","Giza","referral"
2881,"2026-06-16 07:13:52","North Sinai","facebook_ads"
2882,"2026-06-18 17:36:46","North Sinai","paid_search"
2883,"2026-06-22 00:22:07","Giza","facebook_ads"
2884,"2026-06-20 16:09:41","North Sinai","discount_code"
2885,"2026-06-29 21:39:53","Giza","organic"
2886,"2026-07-04 04:53:55","Unknown","organic"
2887,"2026-06-12 23:17:45","North Sinai","paid_search"
2888,"2026-06-20 07:37:25","Giza","referral"
2889,"2026-06-28 12:28:37","Giza","paid_search"
2890,"2026-06-23 02:48:37","Unknown","referral"
2891,"2026-06-25 15:53:12","Cairo","discount_code"
2892,"2026-06-17 10:22:47","North Sinai","organic"
2893,"2026-06-10 22:53:45","Cairo","referral"
2894,"2026-06-28 21:23:50","North Sinai","paid_search"
2895,"2026-06-22 06:22:29","Giza","referral"
2896,"2026-06-24 01:53:13","North Sinai","organic"
2897,"2026-06-09 04:10:19","North Sinai","facebook_ads"
2898,"2026-06-30 14:57:00","Unknown","referral"
2899,"2026-06-08 21:46:48","Unknown","referral"
2900,"2026-07-02 05:11:12","Alexandria","organic"
2901,"2026-07-03 13:03:49","Alexandria","referral"
2902,"2026-07-04 21:36:18","Cairo","discount_code"
2903,"2026-06-09 17:47:10","Giza","referral"
2904,"2026-06-28 10:51:55","North Sinai","paid_search"
2905,"2026-06-27 20:23:36","Giza","organic"
2906,"2026-06-11 00:39:09","North Sinai","organic"
2907,"2026-07-08 01:20:59","Giza","organic"
2908,"2026-06-29 16:51:23","Cairo","referral"
2909,"2026-06-29 20:57:40","Cairo","discount_code"
2910,"2026-06-22 00:43:32","Giza","facebook_ads"
2911,"2026-07-06 03:24:02","Cairo","facebook_ads"
2912,"2026-07-03 00:41:49","Giza","referral"
2913,"2026-06-26 00:31:28","Unknown","referral"
2914,"2026-06-20 21:42:39","Giza","facebook_ads"
2915,"2026-06-17 07:22:31","Giza","facebook_ads"
2916,"2026-06-20 14:08:40","Alexandria","facebook_ads"
2917,"2026-06-17 14:52:39","North Sinai","referral"
2918,"2026-06-10 03:40:00","Alexandria","discount_code"
2919,"2026-06-10 13:11:47","Alexandria","discount_code"
2920,"2026-06-16 12:31:05","Alexandria","discount_code"
2921,"2026-07-05 12:07:09","Giza","discount_code"
2922,"2026-07-04 01:48:47","North Sinai","facebook_ads"
2923,"2026-06-30 04:56:02","North Sinai","paid_search"
2924,"2026-06-09 13:16:39","Giza","organic"
2925,"2026-06-30 14:10:31","Alexandria","discount_code"
2926,"2026-06-13 05:49:50","Giza","facebook_ads"
2927,"2026-07-03 09:39:25","Alexandria","facebook_ads"
2928,"2026-06-21 20:10:42","North Sinai","facebook_ads"
2929,"2026-06-12 04:57:05","Giza","referral"
2930,"2026-07-04 11:03:32","Alexandria","paid_search"
2931,"2026-06-11 04:32:50","Giza","paid_search"
2932,"2026-06-15 06:31:48","Alexandria","facebook_ads"
2933,"2026-06-19 12:17:49","Cairo","referral"
2934,"2026-06-27 09:27:05","Alexandria","referral"
2935,"2026-06-16 11:52:22","Giza","facebook_ads"
2936,"2026-07-07 13:32:07","Cairo","referral"
2937,"2026-06-23 21:31:00","Cairo","paid_search"
2938,"2026-06-11 23:51:09","Giza","referral"
2939,"2026-06-26 11:14:42","Giza","facebook_ads"
2940,"2026-07-01 02:45:08","North Sinai","paid_search"
2941,"2026-06-21 09:19:59","Cairo","referral"
2942,"2026-06-20 07:31:03","Cairo","organic"
2943,"2026-06-14 18:20:00","Alexandria","paid_search"
2944,"2026-07-04 04:13:33","Alexandria","discount_code"
2945,"2026-07-06 07:01:43","Unknown","discount_code"
2946,"2026-06-24 14:58:59","Giza","paid_search"
2947,"2026-07-04 18:18:27","North Sinai","organic"
2948,"2026-06-24 23:33:46","Giza","paid_search"
2949,"2026-06-28 11:09:06","Alexandria","discount_code"
2950,"2026-06-17 16:07:21","Cairo","facebook_ads"
2951,"2026-06-20 02:48:42","Giza","paid_search"
2952,"2026-07-06 18:14:33","Cairo","referral"
2953,"2026-06-20 23:26:15","Unknown","referral"
2954,"2026-06-12 06:12:33","Giza","discount_code"
2955,"2026-06-11 18:14:50","Alexandria","paid_search"
2956,"2026-06-09 12:05:24","North Sinai","paid_search"
2957,"2026-06-18 14:04:23","Giza","paid_search"
2958,"2026-06-10 19:47:39","Alexandria","facebook_ads"
2959,"2026-07-06 19:35:43","Alexandria","discount_code"
2960,"2026-06-10 23:31:31","North Sinai","referral"
2961,"2026-07-04 10:20:54","Giza","organic"
2962,"2026-06-24 15:43:06","Giza","facebook_ads"
2963,"2026-07-04 10:06:23","Cairo","discount_code"
2964,"2026-06-14 16:37:55","Cairo","referral"
2965,"2026-06-28 03:06:01","Unknown","paid_search"
2966,"2026-06-13 19:42:37","Cairo","referral"
2967,"2026-07-07 00:47:39","Giza","discount_code"
2968,"2026-06-25 15:47:00","Alexandria","facebook_ads"
2969,"2026-06-26 03:09:50","North Sinai","facebook_ads"
2970,"2026-06-28 19:19:55","Giza","referral"
2971,"2026-07-03 22:50:22","Alexandria","referral"
2972,"2026-07-02 20:28:39","Giza","referral"
2973,"2026-06-24 17:51:56","Giza","discount_code"
2974,"2026-06-18 23:18:51","Cairo","paid_search"
2975,"2026-06-24 23:00:32","Alexandria","paid_search"
2976,"2026-07-07 02:37:49","Giza","facebook_ads"
2977,"2026-06-23 01:46:55","North Sinai","paid_search"
2978,"2026-06-24 06:09:48","Unknown","paid_search"
2979,"2026-06-26 21:40:09","Giza","discount_code"
2980,"2026-07-04 13:20:31","Alexandria","organic"
2981,"2026-06-17 03:30:44","North Sinai","referral"
2982,"2026-06-27 21:56:41","Unknown","organic"
2983,"2026-06-24 08:17:44","Unknown","paid_search"
2984,"2026-06-26 15:21:20","North Sinai","discount_code"
2985,"2026-06-22 21:08:42","North Sinai","organic"
2986,"2026-06-26 12:43:30","Alexandria","referral"
2987,"2026-06-27 01:15:57","Giza","organic"
2988,"2026-07-05 17:54:58","North Sinai","referral"
2989,"2026-06-15 01:57:24","Alexandria","referral"
2990,"2026-06-20 16:29:54","North Sinai","referral"
2991,"2026-06-18 02:50:26","North Sinai","paid_search"
2992,"2026-06-23 08:57:58","Cairo","referral"
2993,"2026-06-11 19:49:24","Alexandria","facebook_ads"
2994,"2026-06-16 12:04:23","Giza","organic"
2995,"2026-06-08 18:36:04","Alexandria","paid_search"
2996,"2026-06-24 10:57:37","Alexandria","facebook_ads"
2997,"2026-06-27 18:00:58","Alexandria","referral"
2998,"2026-06-30 02:32:26","Alexandria","paid_search"
2999,"2026-06-21 02:20:32","Alexandria","discount_code"
3000,"2026-06-30 05:25:15","Giza","facebook_ads"
